log_id,user_id,video_id,watch_date,subscribed,playlist_name,video_title
146524,25,F8wJdvXK5yU,2018-09-11 17:02:26,,,SkiVel
146525,25,YJbS-WA7tVg,2018-09-10 23:37:46,,,"Lords mobile! What are familiars, And how do you use them"
146526,25,TRa9IMvccjg,2018-09-10 23:27:00,,,DILBAR Full Song | Satyameva Jayate | John Abraham Nora Fatehi | Tanishk B Neha Kakkar Ikka Dhvani
146527,25,BIgQ0UQIkqo,2018-09-10 23:24:16,,,Peekaboo Playground | Kids Songs | Super Simple Songs
146528,25,6lv5zSNq5HQ,2018-09-10 23:20:54,,,Goal # 5 | All Aboard For Global Goals! | Thomas & Friends
146529,25,fNPloczek6Q,2018-09-10 23:17:35,,,Party Street | Hi-5 Season 17 Songs of the Week and more Kids Songs
146533,25,Q5JnbpltAAo,2018-09-10 22:59:44,,,The Evil Jungle | Ben 10 | Cartoon Network
146535,25,jrt8GkegKO8,2018-09-10 22:59:08,,,Powerpuff Girls Was About a Wrestler?! | WHAT THEY GOT RIGHT
146536,25,BPTcFmdcsoQ,2018-09-10 22:58:40,,,StoryBots | Learn The Planets In The Solar System | Outer Space Songs For Kids | Netflix Jr
146537,25,jVDIbxTOaeE,2018-09-10 22:58:14,,,🔴 POCOYO in ENGLISH - Having a Ball 🔴 | Full Episodes | VIDEOS and CARTOONS FOR KIDS
146538,25,dL6Nzib18h8,2018-09-10 22:57:16,,,Tweens Make Assumptions About College Students | Reverse Assumptions
146539,25,-qAkopowVeI,2018-09-10 22:56:57,,,NAME THE BABY! 24 weeks Bump Update + LIFE UPDATE!
146540,25,0deHvUC-2zg,2018-09-10 22:56:38,,,Learning to Speak Turkey | BBC Earth
146541,25,GCMNwDVyTS8,2018-09-10 22:56:18,,,Simple Simon | Nursery Rhymes | Kids Songs For Children By Junior Squad
146542,25,_btWt3vqKr4,2018-09-10 22:55:20,,,Just a Little Horse | Barnyard Babies with Dr. Pol
146543,25,IMgE_CvECBU,2018-09-10 22:51:49,,,B-I-N-G-O 🐶 The Wiggles Nursery Rhymes 2 (Part 1 of 3) 😂 Kids Songs & Toddler Tunes | BINGO
146544,25,xw1q2e9PP4w,2018-09-07 12:01:27,,,Mickey and the Roadster Racers |  Sing Along To the Theme Song! | Disney Kids
146545,25,snmWXothM-A,2018-09-06 23:59:43,,,UK: Latias and Latios Join the Legendary Lineup in September
146546,25,vczuEEr90aM,2018-09-06 23:55:54,,,Tekkerz Kid introduces: Apple & Onion | Goodbye + Pizza Party | 2 in 1 | Cartoon Network
146547,25,DnW1b9q8mq8,2018-09-06 01:03:28,,,Doubledecker Balancing Cubes
146548,25,68SCORrAIjo,2018-09-06 01:01:24,,,Johny Johny Yes Papa 3D Nursery Rhymes & Songs For Babies - Live Stream
146549,25,x1j4VPudwJo,2018-09-06 01:00:40,,,Pineapple - Fine Fine Pineapple | Fruit Songs | Nursery Rhyme | Pinkfong Songs for Children
146550,25,il-2SmoQS7Y,2018-09-06 12:59:51,,,How To Draw A Funny Scarecrow
146551,25,XbmCDPn_HuM,2018-09-06 12:59:20,,,How To Draw A Great White Shark
146552,25,a0bfO_GbS10,2018-09-06 12:58:54,,,Alien Worlds: Grey Matter | Ben 10 | Cartoon Network
146553,25,FejwYVA4lCw,2018-09-06 12:58:21,,,"A Beekeeper's Life | Weirdest, Bestest, Truest"
146554,25,1-RNHc3jkDY,2018-09-06 12:57:56,,,CBeebies Recipes | Welsh Glamorgan Sausages
146556,25,CnZgza9AyhA,2018-09-06 12:51:22,,,Fisher Price Little People 113 | Sometimes Enough is Enough! | Full Episodes HD | Videos For Kids
146557,25,hlGoGzCOmGc,2018-09-05 12:52:54,,,Mr.Sugi Sivam Motivational speech -Chettinad College-Part 1
146558,25,_pJZ8ceLtro,2018-09-05 12:52:37,,,Motivational Speech for Students - Tamil (part 1)
146560,25,Dx8c0iAMR-s,2018-08-28 11:44:41,,,என்ன குழம்புக்கு என்ன காய் வைக்கனும்னு தெரியுமா?/30 minute simple Lunch preparation/Lunch menu
146561,25,UBFJsZn6rfQ,2018-08-28 11:34:28,,,அப்பாடா..இனி சட்னி பிரச்சனை இல்லை/7 Chutney varieties/chutney recipe in Tamil/onion/tomato/chutney
146562,25,mV7NhOzQWtI,2018-08-28 11:27:59,,,தினம் என்ன சட்னி வைக்கறதுனு குழப்பமா இந்த சட்னி டிரை பண்ணுங்க : தக்காளி கட்டி சட்னி
146563,25,xpi_i8Babi8,2018-08-28 11:21:11,,,சுலபமான முறையில் செய்யலாம் மஷ்ரூம் பிரியாணி/Mushroom Briyani
146564,25,A0KqPIGXZHs,2018-08-28 11:16:54,,,Mushroom Biryani Recipe in Tamil / How to make Mushroom Biryani in Tamil
146565,25,T54Uc8c7NhM,2018-08-28 10:54:41,,,Kadai Paneer recipe in Tamil| Complete North Indian Style | DeepsTamilKitchen
146566,25,JHpBs13tYnQ,2018-08-28 10:47:46,,,Paneer Butter Masala Recipe in Tamil | Paneer Masala Recipe in Tamil [with tips & tricks 15 mins]
146567,25,27GOa6Ukars,2018-08-28 10:41:58,,,ஹோட்டல்ல சாப்பிடுற மாதிரி காளான் கிரேவி செய்து பாருங்க/Hotel style special mushroom gravy
146568,25,5_cIM4PGd2U,2018-08-28 10:41:21,,,Semiya Payasam / Payasam Recipe in Tamil / How to make Payasam in Tamil
146569,25,HCAgXkv2r6M,2018-08-28 10:38:07,,,Mushroom Gravy in Tamil | Mushroom Masala Recipe in Tamil | Mushroom Recipe in Tamil
146570,25,llgFprnmrRU,2018-08-25 01:14:21,,,HELP! My Teacher's a FLOSS CHAMPION!! | YOUR COMMENTS COME TO LIFE
146571,25,wk2LgzWd4OQ,2018-08-25 01:11:50,,,Skip Counting By 3 Song
146572,25,Yl_K2Ata6XY,2018-08-25 01:11:24,,,Is Our Food Becoming Less Nutritious?
146574,25,8VAbqBdyS2E,2018-08-25 01:03:23,,,Did You Know? | Weird But True!—Fast Facts
146575,25,8yuosldJDi0,2018-08-25 01:02:59,,,ROAST CHALLENGE!!! Gracie VS Sierra
146576,25,nSRjYfOnsyw,2018-08-25 01:01:24,,,Skip Counting By 7 Song
146577,25,e45lK9vWC8E,2018-08-25 12:57:49,,,Smurfs' Village: Martial Arts Update • The Smurfs
146578,25,so1p-B7FCkg,2018-08-25 12:57:27,,,Skip Counting By 6 Song
146579,25,54zp2z8tTdo,2018-08-25 12:57:01,,,Warriors for Hire! | Mighty Magiswords | Cartoon Network
146580,25,0Eb6GcPx5uU,2018-08-25 12:56:33,,,Sleepy Baby Pygmy Hippo- Toronto Zoo
146582,25,93Y_eCwdR5k,2018-08-23 04:10:56,,,7UP Madras Gig -  Orasaadha | Vivek - Mervin
146584,25,YH7Jr_GoyBg,2018-08-22 00:31:57,,,வரலட்சுமி நோன்பு பூஜை முறை!  Varalakshmi Vratam simple method
146585,25,8Iw8dMzRYGo,2018-08-22 00:29:58,,,Varalakshmi Vratham Pooja Vidhanam | Varalakshmi Vratham Pooja Procedure | Sravana Masam | BhaktiOne
146586,25,TE81oYMY8X4,2018-08-21 21:19:19,,,"Angie Craig for Congress ""All of us"""
146587,25,RDJopF-g-w0,2018-08-21 21:18:53,,,Angie Craig for Congress: Convention Video
146589,25,EgRFSFxx2og,2018-08-20 19:48:56,,,Vlog de calatorie: Germania & Olanda | 7 zile in Dusseldorf si Amsterdam
146591,25,PEjJdfp9dEo,2018-08-17 23:44:20,,,Kiara Kabukuru
146592,25,T-UCQ9vKn1U,2018-08-17 22:20:19,,,BEAUTY ROOM TOUR
146593,25,K9SUCfAouhY,2018-08-17 12:46:43,,,Penny On M.A.R.S | Best Friend Sing Along - Rain Or Shine | Disney Channel UK
146596,25,aRx15cViQmQ,2018-08-17 12:41:26,,,Teen Titans Go! | Beast Boy's Broken Heart | Cartoon Network
146597,25,08t0PW7BzIQ,2018-08-13 20:43:04,,,Lingaa Superstar bike ride scene
146599,25,VloltnA6Sb8,2018-08-11 18:53:09,,,31/072019 ஆடி அமாவாசை நாளில் இவ்வளவு பெரிய ரகசிய கதையா? Aadi Amavasai
146601,25,Ywmge3X5zMI,2018-08-11 17:25:44,,,VMH
146602,25,BwfsH0Ggx0s,2018-08-11 12:40:47,,,Ducktales | 30 Things With Webby | Disney Channel UK
146603,25,LdJUNQaaIAI,2018-08-11 12:40:27,,,Thomas and Nia Busy Racing Backwards | Thomas & Friends UK | Videos for Kids
146605,25,3zAR0SiKs4o,2018-08-11 12:21:34,,,Huawei Honor 9 Camera Review | Photo & Video Samples
146606,25,0xZsoMSEsaA,2018-08-10 19:21:06,,,Duel (1971) Trailer
146607,25,0dKU2-IqEUw,2018-08-10 19:18:23,,,Duel 1971 Hollywood Action Thriller Movie Review In Tamil By #Jackiesekar | #Jackiecinemas
146608,25,ouTJkNLepF0,2018-08-10 01:21:23,,,"Stress, Strain & Quicksand: Crash Course Engineering #12"
146609,25,80W7TbyNPQ4,2018-08-10 01:18:36,,,Work out with Pets! | Doc McStuffins Pet Vlog | Disney Junior
146610,25,dsnENHmrFS8,2018-08-10 01:18:04,,,Tunnel Battle | DREAMWORKS VOLTRON LEGENDARY DEFENDER
146611,25,Gb-8npIE7cw,2018-08-10 01:17:42,,,Matter Song
146612,25,yS_2tDJKPDg,2018-08-10 01:16:38,,,Creation Song
146613,25,T8dFnL2VGPA,2018-08-10 01:15:57,,,Moon Song
146614,25,V7QYLEusDU4,2018-08-10 01:15:09,,,The Substitute Teacher - Talking Tom & Friends | Season 3 Episode 13
146615,25,CYsGXJ4-0qU,2018-08-10 01:14:17,,,Why Aren’t Keyboards in ‘ABC’ Order? | COLOSSAL QUESTIONS
146616,25,Ca5WPXcZLsk,2018-08-10 01:12:31,,,Jack Black Wants to See Your Weird
146617,25,3Ad0Vebb0o0,2018-08-10 01:11:23,,,Prince Charming's Third First Kiss
146618,25,qMFpOcLroOg,2018-08-10 01:09:31,,,Can you solve the rogue AI riddle? - Dan Finkel
146619,25,_nNCjYdPcsY,2018-08-10 01:09:10,,,Johny Johny Yes Papa 3D Nursery Rhymes & Songs For Babies - Live Stream
146620,25,WBkboKqHI0s,2018-08-10 01:08:49,,,Sesame Street: Elmo's Nursery Rhyme with Kate McKinnon
146621,25,cfcpTOqmOZA,2018-08-10 01:08:09,,,In The Field: Toronto Zoo Bat Diaries
146622,25,LIN5suGLDmo,2018-08-10 01:07:25,,,GOOD DOG & Pet Adoption | Cori Doerrfeld
146623,25,XOOy4JQXOrQ,2018-08-10 01:06:26,,,Camp Lakebottom - Best of Season 1 (Part 8)
146624,25,NsErgG1JVxY,2018-08-10 01:05:49,,,Educational Videos for Kids with Surprise Eggs Toys and Larry | Videos for Kids by BabyFirst
146625,25,cl2Az8QFBck,2018-08-10 01:05:34,,,Charlie’s Desert Adventure | We Bare Bears | Cartoon Network
146626,25,bQFVM8ywxtw,2018-08-10 01:04:03,,,I've Been Puffer Pranked! - The Deep End Minecraft SMP
146627,25,O2YtOl8toVE,2018-08-10 01:03:43,,,Water Cycle Song
146629,25,0RBtjMuwrxE,2018-08-10 01:00:25,,,Learn Foods For Kids: The Little Ant | Lottie Dottie Chicken | Nursery Rhymes For Children
146630,25,l08W6aTW4PE,2018-08-10 12:59:30,,,Going Green Song
146631,25,w-J57T05sww,2018-08-10 12:58:58,,,Duck | First Words | Baby Learning | The Kiboomers
146632,25,4rT21iXjxkg,2018-08-10 12:57:54,,,How did an Asteroid Drive the Dinosaurs to Extinction? | The Travel Edit
146634,25,8S2CLjNOoNE,2018-08-10 12:55:46,,,Iso-Area Flasher Vortex by Kawasaki
146635,25,KJgsFhJo5bE,2018-08-10 12:55:25,,,Parts of the Body Song
146636,25,Bl_oEKDXfD8,2018-08-10 12:46:47,,,BE BOP A LULA Demo Line Dance
146637,25,CEiZ4LmjefE,2018-08-09 21:42:19,,,BSB2
146638,25,gU1VXJ_hGPU,2018-08-09 21:41:39,,,BSG5
146639,25,To7WbJyAMDI,2018-08-09 21:41:07,,,BCG5
146640,25,YCTeCzyRLZY,2018-08-09 21:40:31,,,BCB5
146641,25,qPg7ZQPabek,2018-08-09 21:39:55,,,BSG2
146642,25,QgiSjNE89Cw,2018-08-09 21:39:27,,,BSG3
146643,25,upQtOfB7enk,2018-08-09 21:38:53,,,BSB3
146644,25,bF8tjRZJk-Q,2018-08-09 21:38:24,,,BSG1
146645,25,m-lhvOU_Iyg,2018-08-09 21:37:50,,,BSB1
146646,25,QmgYLt0EaEI,2018-08-09 21:36:58,,,BCG1
146647,25,-pb0dfXEPCY,2018-08-09 21:36:21,,,BCG2
146648,25,9cNBj9k0YIo,2018-08-09 21:35:42,,,BSB5
146649,25,Cy6DxwW78O8,2018-08-09 21:35:13,,,BCB2
146650,25,XDyzd83FRG0,2018-08-09 21:34:28,,,BCB1
146651,25,fhUEWUUmy_g,2018-08-09 21:33:16,,,BCG3
146652,25,yA5svYa5T5w,2018-08-09 21:31:16,,,BCB3
146653,25,I9_eqxHMuEw,2018-08-01 23:08:42,,,SBL1
146654,25,MbQI2lfcT3w,2018-08-01 23:08:02,,,CGL3
146655,25,BzSuy9f0jnw,2018-08-01 23:06:53,,,SGL1
146656,25,DYH_-k9ZPJY,2018-08-01 22:23:18,,,Rare white lions
146657,25,EKeF85hap84,2018-08-01 22:04:31,,,2018 06 07 16 50 13 2
146658,25,a3-21AMbFFk,2018-07-30 22:14:22,,,E N V O Y  - Proof of Concept Short Film
146659,25,MY0YhB3wzoY,2018-07-30 21:47:03,,,NO-A [ Short Film - Official ]
146660,25,g5TLOmR6CPo,2018-07-30 21:45:55,,,Spectral: Last Mission Against The Ghosts HD Part 2
146661,25,Az1J2TidIFU,2018-07-30 21:43:01,,,Spectral: Last Mission Against The Ghosts HD Part 1
146662,25,6TwZ7PRdXhE,2018-07-29 19:52:02,,,YZKN - Drop It Again
146665,25,CDdnoVGRXNE,2018-07-29 13:00:30,,,Beat Box - Fantastic! - Ball Zee
146666,25,aDwNAr6eu20,2018-07-29 00:59:00,,,World's CRAZIEST Car Audio BASS DEMO EVER!
146668,25,WAd8tUYwKwM,2018-07-29 06:29:50,,,"Canos Tire PRV Audio Equipped Install featuring the 10MR1000 10"" Midrange Woofer"
146669,25,NY3B8fyqh-o,2018-07-29 06:24:38,,,☡CAR AUDIO 2014 SOUNDSTREAM☡
146670,25,fxZ9vze_wwM,2018-07-29 06:23:55,,,HAIR TRICK HERTZ A PUERTA ABIERTA
146671,25,SFgBIUKv27I,2018-07-29 06:23:05,,,Hellboy !! Power bass
146675,25,QZ9LMfQE5v4,2018-07-29 06:17:21,,,Skrillex & Damian Marley - Make It Bun Dem (Laudz Trap Remix)
146678,25,vQ7N6akRjsY,2018-07-29 06:14:44,,,A Day In Life With Arizona's Youngest Millionaire | Ricky Gutierrez 2018
146679,25,XKFKPQHdWRI,2018-07-29 06:13:26,,,Breaking Glass Using Only Megaphones
146681,25,Q_RiJmvmcyQ,2018-07-29 06:11:55,,,"Oru Kal Oru Kannadi - Venaam Machan Video | Udhayanidhi Stalin, Santhanam"
146682,25,UeYP7909Ovg,2018-07-29 06:11:50,,,"Paiya - Yedho Ondru Ennai Video | Karthi, Tamannah | Yuvan Shankar Raja"
146684,25,9yYhAWn1yt0,2018-07-29 06:09:34,,,Yennamo Yedho - Muttaalaai Muttaalaai Video Song | Gautham Karthik | D.Imman | Rakul Preet Singh
146685,25,UWpyWhgrYC8,2018-07-29 06:09:26,,,"Yaen Endral Video Song | Idharkuthaane Aasaipattai Balakumara | Ashwin, Swathi"
146686,25,W9ZABxh9uuc,2018-07-29 06:06:11,,,"Meesaya Murukku Songs | Machi Engalukku Ellam Video Song | Hiphop Tamizha, Aathmika, Vivek"
146687,25,GVRZd2RclkQ,2018-07-29 06:02:22,,,"Pazhagikalam - Aambala | Full Video Song | Vishal, Hansika | Hiphop Tamizha"
146691,25,qWQGkNjbWGY,2018-07-28 21:45:57,,,Keep off the Grass
146692,25,H4MRo4QONQ4,2018-07-28 21:43:25,,,Gun Size Matters (with Shenae Grimes!)
146693,25,x04dPN13ekI,2018-07-28 19:56:40,,,Ram Charan Action Movies | Ragalai Tamil Dubbed Movies | Online Tamil Movies@TamilEvergreenMovies
146700,25,aLJdzBCUaRY,2018-07-27 02:16:16,,,Tamizh Padam 2 - Deleted Scene - Musical Fight
146701,25,8VEpHAQl0bw,2018-07-26 16:47:02,,,Diamond and Silk rip Pelosi's border security idea
146702,25,_wc44BGQWF0,2018-07-26 12:35:05,,,Letter O Song
146703,25,MBPdKxlazD0,2018-07-26 12:34:07,,,Who Makes The Best Chicken Wings? Taste Test
146704,25,htIr7ZNSeII,2018-07-26 12:32:11,,,Letter Y Song
146705,25,9TDjifpGj-k,2018-07-26 12:31:49,,,You Know I'm All About that Bayes: Crash Course Statistics #24
146706,25,EpxS0Z9xbTQ,2018-07-26 12:30:43,,,Letter R Song
146708,25,rMjbK3thVYo,2018-07-26 12:28:01,,,Unbelievable Card Escape | JUNK DRAWER MAGIC
146709,25,veJ902hQWqI,2018-07-26 12:27:13,,,MONSTER TRUCKS | BACKYARD WATERPARK!
146710,25,jJSrgTieHW4,2018-07-26 12:26:06,,,Build a Scratch Chatbot | #Technovation Scratch tutorial for beginners
146712,25,PF-rFuON68o,2018-07-26 12:24:50,,,ARTHUR | What Won't Molly Say? | PBS KIDS
146713,25,tpJU2NE40wk,2018-07-26 12:22:41,,,Baby Shark Carnival + More | MOMMY SHARK WEEK | Mother Goose Club Phonics Songs
146714,25,fU5DQrSbXls,2018-07-26 12:21:22,,,Weathers | Word Play | 3D Nursery Rhyme | Pinkfong Songs for Children
146715,25,X1FqDhcn0AM,2018-07-26 12:19:48,,,Kirby Star Allies: Wave 2 Update - Adeleine & Ribbon - Nintendo Switch
146716,25,TWf3g97BCEA,2018-07-26 12:18:45,,,Letter L Song
146717,25,od-xUOw13gY,2018-07-26 12:18:13,,,Baby Jake - Bouncing Apples | Full Episodes | Episodes |
146718,25,R2SDQv85-8s,2018-07-26 12:14:09,,,Letter Q Song
146719,25,F7MIdT_qwmQ,2018-07-26 12:13:31,,,How To Draw A Budgie Parakeet
146720,25,26_eEQy8QZs,2018-07-26 12:11:04,,,Kirby Star Allies: Wave 2 Update - Dark Meta Knight - Nintendo Switch
146721,25,Rhgxm2xLnvA,2018-07-25 23:13:13,,,G.I. Joe: The Rise of Cobra (2009) - (HD) Chase scene!
146723,25,gF702M_IEFs,2018-07-25 19:03:32,,,Who's Our Top Snogger? | Love Island 2017
146725,25,GyC5O28vfps,2018-07-25 18:57:34,,,UNCENSORED BATHROOM ROMANCE in Bigg Boss 7 18th December 2013 Day 94 FULL EPISODE
146727,25,FWWHwZvfxQM,2018-07-25 13:46:15,,,Kan enbathu kathal vera thevaiya song by tamil soup boy madhu and tamil soup boys team
146730,25,SmLoZiJifyc,2018-07-24 01:37:14,,,umuai S10
146732,25,HzV0HyYXr0w,2018-07-23 20:38:55,,,Официальный ролик StarCraft II: Heart of the Swarm (RU)
146733,25,ofvoLdLssA8,2018-07-23 20:35:41,,,World's LONGEST Lightsaber
146734,25,u8VXNfGqXsY,2018-07-23 20:34:21,,,G.I. Joe: Retaliation Extended 4 Min. CLIP (2013) - Channing Tatum Movie HD
146737,25,3eamRl5KTdQ,2018-07-23 20:26:17,,,Curve the Bullet
146739,25,VI4NZW8q6nU,2018-07-23 20:16:32,,,TactiCOOL RELOADS
146740,25,KXpQMvjEuko,2018-07-23 19:54:53,,,"Короткометражный Фильм ""Код 8"" Русская Озвучка Канала Точка Zрения"
146743,25,TNTD1j8YRuM,2018-07-23 19:53:12,,,Skyline Nuke Scene with Predator Drones and B2 Stealth Bomber Fighter UAV
146746,25,W_GYSqaj81g,2018-07-23 19:36:10,,,Todas las muertes de Al filo del mañana (Kill Count)
146747,25,JDJiUd41myo,2018-07-23 19:35:26,,,Skyline Air fight
146750,25,YMEWFDZqd7E,2018-07-23 19:28:27,,,Mortal Kombat X Leatherface vs Predator
146757,25,LH_JcpyoVho,2018-07-23 19:08:16,,,Resident Evil   Damnation Epic fight
146761,25,C6GKWgOCzWI,2018-07-23 19:02:30,,,Тарзан vs Вуду
146762,25,SmLoZiJifyc,2018-07-23 18:37:58,,,umuai S10
146763,25,5SMxaSCpum0,2018-07-23 17:32:35,,,Darth Vader vs Die Hard
146764,25,GBWC5aPgdxM,2018-07-23 17:30:24,,,oZZy vs Eminem
146765,25,LDSVPvva1Rs,2018-07-23 17:28:37,,,XPYC Team   Rambo Vs Terminator
146766,25,-LK4efPyb30,2018-07-23 17:26:46,,,VERSUS | Hitman vs CS
146771,25,x-vO29U2JhU,2018-07-21 20:47:40,,,Lords Mobile: Ways to get Gems Without Paying!
146772,25,mvIm0FfdLj8,2018-07-21 20:46:17,,,Lords Mobile Workshop Tutorial
146773,25,cxjm4YZuABk,2018-07-21 17:21:22,,,8 Ball Pool Cushion Shot Tutorial | Bank Shot / Indirect Shot Tutorial | How to bank shot?
146776,25,GVRZd2RclkQ,2018-07-20 02:17:23,,,"Pazhagikalam - Aambala | Full Video Song | Vishal, Hansika | Hiphop Tamizha"
146777,25,8jGAPGNBAdQ,2018-07-20 02:13:55,,,bajrangdal song dj 2017|jai sree ram|chathrapathi shivaji maharaj
146778,25,t_GBGG-Ukw0,2018-07-20 02:10:31,,,Bam Bhole Original || Viruss || Akshay Kumar || ACME MUZIC
146779,25,ulUxKCjwtJ0,2018-07-20 02:08:49,,,Bholenath - Speed Music - LUCKY DJ
146780,25,ebAaUm55i98,2018-07-20 02:08:20,,,Raavana Song for Asura Ravanaasura
146782,25,nMjYG4uayM4,2018-07-20 02:05:50,,,BOLO HAR HAR HAR (Shivaay) - DJ NYK Psy Trance Mashup | Remix| Ajay Devgn | Badshah | T-Series
146783,25,mWnJAiJrmfA,2018-07-20 01:28:12,,,The Incredibles 2: All Jack Jack's Powers Revealed
146785,25,8EM60lhBkps,2018-07-19 20:46:36,,,"Deadpool: The Game - Chapter 6: Death, Baby"
146786,25,mvy7C6d4vuw,2018-07-19 20:39:22,,,Альберт Вескер
146791,25,8O3UOUrB0U4,2018-07-19 20:24:43,,,INCREDIBLES 2 All Movie Clips + Trailer (2018)
146793,25,dIL0nDOJMiU,2018-07-19 20:19:09,,,INCREDIBLES 2 All Movie Clips + Trailer (2018)
146795,25,Fn2EhfmtVgE,2018-07-19 20:04:25,,,galactik football S01E26 the cup
146796,25,dY_HaFlWzzs,2018-07-19 20:04:18,,,galactik football snow kids v lightnings second half 1/2
146798,25,jjN1ntJlziw,2018-07-19 19:54:55,,,Galactik Football Unforgetable Moments
146799,25,ntdO3q2pD24,2018-07-19 19:54:32,,,Top 10 Jetix Show Much Liked
146800,25,nQeov6j0bsQ,2018-07-19 19:52:33,,,Green Lantern - Parallax Attacks Scene (9/10) | Movieclips
146806,25,VI4NZW8q6nU,2018-07-19 19:14:35,,,TactiCOOL RELOADS
146811,25,3na3v1goMgY,2018-07-19 18:46:02,,,"Supergirl/The Flash/Arrow/Legends of Tomorrow ""Invasion!"" Crossover Recap"
146812,25,-bm6izzQ8_I,2018-07-19 15:18:40,,,Chalk Warfare 3.0
146816,25,zJRsmAwtvgM,2018-07-19 15:10:54,,,MADstream #25 | Firestarter
146817,25,kq1wBSz48yk,2018-07-19 14:52:27,,,смешные мультфильмы приколы мультики ржачь
146820,25,pBbsvavno8I,2018-07-19 09:28:36,,,Superman vs Hulk - The Fight (Part 4)
146821,25,h8f8dH7q_sU,2018-07-19 09:28:08,,,CARRETA TREME TREME UMA IGNORÂNCIA DE SOM
146823,25,RYAc4FETVbI,2018-07-19 07:46:04,,,THE POWER OF PUNERI DHOL TASHA (PART 2) - DJ Ammy
146824,25,4YxakwTpnXE,2018-07-19 07:45:12,,,New Police Siren Sound Check [ Hard Vibration ] - Swar Marathi
146825,25,kZQwx9LJs-s,2018-07-19 07:44:46,,,Romy Wave - Target (Not So Good Remix) (BASS BOOSTED)
146826,25,lxY0JvSWWuU,2018-07-19 07:39:22,,,UNKILLED - Final BOSS #8 | *The End of The Story
146827,25,S-fvxEq_3DA,2018-07-19 07:33:33,,,"""ความจริงที่ไม่เห็นด้วยตา"" Official HD : โดย กล้องวงจรปิด Vizer (vizer cctv)"
146829,25,d_E6MyWjp7k,2018-07-19 07:29:51,,,Manamey | Cintaku  Buta  2.0 | Havoc Brothers | Tamil  Album  Song
146830,25,Wn6JeU0kS9A,2018-07-19 07:28:24,,,MADstream #27 | When Things Go Wrong
146832,25,zVWPgAoaCtI,2018-07-18 19:55:35,,,Impossible Car Crash Stunts Car Racing Game / Android Gameplay Video #2
146834,25,x8F5dz8kv1w,2018-07-18 19:42:02,,,"Chaar Botal Vodka Full Song Feat. Yo Yo Honey Singh, Sunny Leone | Ragini MMS 2"
146835,25,FdqU6nnM8h0,2018-07-18 19:41:48,,,GTA San Andreas - Theri - Classroom Scene Remix
146837,25,JfWDpPcFu2g,2018-07-18 19:40:28,,,DHOL NASHIK ताशा ORIGINAL FULL BASS (SPARKELS म्यूजिकल GROUP)720p HD nasik dhol dhol tasha
146838,25,ST0ayVGjc3U,2018-07-18 19:39:06,,,All Doofenshmirtz Backstories
146839,25,euSVmxkAgvQ,2018-07-18 19:38:38,,,Phineas and Ferb Act Your Age - Confession + Ending
146840,25,LePpCRzwr7g,2018-07-18 19:33:17,,,Kid vs Kat - KAT Whisperer [TAMIL]
146842,25,adh8GYafmE8,2018-07-18 19:25:19,,,Powerrangers dinothunder tamil super scenes 2
146844,25,bjJzji2ZTxU,2018-07-18 19:21:05,,,Powerrangers SPD tamil super scenes
146845,25,7ytIV5H8L_Q,2018-07-18 19:19:03,,,Power rangers Dinothunder tamil trint against in friends
146849,25,ebpuV8Z3xH4,2018-07-18 19:05:47,,,PhraseCut selection tool instruction
146851,25,fHCeU41LVBU,2018-07-18 18:21:58,,,shinchan in tamil part 33
146852,25,9yYhAWn1yt0,2018-07-18 02:42:19,,,Yennamo Yedho - Muttaalaai Muttaalaai Video Song | Gautham Karthik | D.Imman | Rakul Preet Singh
146853,25,d_E6MyWjp7k,2018-07-18 02:35:58,,,Manamey | Cintaku  Buta  2.0 | Havoc Brothers | Tamil  Album  Song
146856,25,ulUxKCjwtJ0,2018-07-18 02:27:33,,,Bholenath - Speed Music - LUCKY DJ
146857,25,t_GBGG-Ukw0,2018-07-18 02:27:19,,,Bam Bhole Original || Viruss || Akshay Kumar || ACME MUZIC
146863,25,pAvGsSI_cu8,2018-07-18 02:26:04,,,TriBoss - Aqua Drop (Deep Bass Test)
146866,25,VJvKXNC5-iw,2018-07-17 12:57:56,,,Action | Hi-5 Season 16 Songs of the Week and more Kids Songs
146867,25,CoEtJ97Omo0,2018-07-17 12:57:30,,,Larry as Cowboy Bebop: Opening Parody | The Amazing World of Gumball | Cartoon Network
146868,25,Py4fhsx3Ct4,2018-07-17 12:57:05,,,Kids Superhero Song  - Let's Be Superheroes | Action Songs for Kids - Bounce Patrol
146869,25,tpSxReO1JlA,2018-07-17 12:54:07,,,Power dissipation in resistors in series versus in parallel
146870,25,eg5ZGRLbKhY,2018-07-17 12:53:01,,,OG Wiggles: Yummy Yummy (Part 3 of 4) | Kids Songs & Nursery Rhymes
146871,25,pbQJqmYdjbk,2018-07-17 12:52:29,,,Energy dissipation across two resistors in series example
146872,25,dE_vrU5ii6w,2018-07-17 12:52:07,,,CBeebies Songs | Andy's Big Bear Boogie
146873,25,IG-BGlok2Ds,2018-07-17 12:50:37,,,Penny Leaves Her Shell | The Amazing World of Gumball | Cartoon Network
146874,25,C05nFLOeMkU,2018-07-17 12:50:04,,,Bonnie The Runaway Calf
146875,25,UwcV0f1otl0,2018-07-17 12:49:00,,,"DIY Miniature Doll Shoes - For Barbie, Disney Princesses and Monster High   - simplekidscrafts"
146876,25,3sgmCOuF52k,2018-07-17 12:44:40,,,Kate and Mim-Mim | Babysitting Squoosh
146877,25,KKemQ2cVuUw,2018-07-17 12:43:39,,,"Do the JP with Craig of the Creek, Comic Con Preview...and More! | Cartoon Network"
146878,25,jKXayml9QQM,2018-07-17 12:43:13,,,Giant Bubble Maker + More Babysitting Games | LIFE HACKS FOR KIDS | DIY #withme
146879,25,hIUERvpLtoE,2018-07-17 12:42:49,,,Ponso The 'World's Loneliest Chimp' Befriends Chimp Expert Estelle Raballand  | Dodo Heroes
146880,25,DkIanPcqha4,2018-07-17 12:42:21,,,A Look Inside LOOK!
146881,25,3hG0eacr17g,2018-07-17 12:41:37,,,Peter Peperoni | The Amazing World of Gumball | Cartoon Network
146882,25,SGjNg_qPMXY,2018-07-17 12:33:39,,,Alive - Union J | Sapphire
146883,25,IG8adzZsE_c,2018-07-17 12:32:12,,,CBeebies Songs | Andy's Wolf Song
146884,25,AVs83uyRakw,2018-07-17 12:30:25,,,Top 10 - Adventure Map Moments
146885,25,ZWN1k5CL2pc,2018-07-17 12:29:47,,,CBeebies Songs | Andy's Cool Cats Rap
146886,25,rAYW9n8i-C4,2018-07-17 12:29:01,,,Spinning Sphere of Molten Sodium
146887,25,BHXjN581LEY,2018-07-17 12:28:14,,,Talent Show | Summer Camp Island | Cartoon Network
146888,25,5oaYYEuEID0,2018-07-17 12:27:52,,,Elephant Mourns Death | BBC Earth
146889,25,juZa33lBpIE,2018-07-17 12:26:05,,,Giant Burger King Advent Calendar 2018!
146890,25,BuTCQyIlSbU,2018-07-17 12:25:10,,,One Direction Medley (SING-OFF)
146891,25,JDB9lHsGV84,2018-07-17 12:24:07,,,Rumpelstiltskin Fairy Tales and Bedtime Stories for Kids in English
146892,25,lHoYjBC-f9U,2018-07-17 12:23:02,,,Miss Piggy Steals the Spotlight | Muppet Thought of the Week by The Muppets
146893,25,-C4xkDowI2U,2018-07-17 12:22:38,,,RC MONSTER TRUCK CRASHiNG TOY MONSTER TRUCKS!
146894,25,ni8-A_tqDHo,2018-07-17 12:21:30,,,Ode to Toronto Zoo Keepers - River Hippo
146895,25,E9xw08G0Sdc,2018-07-17 12:20:21,,,Stampy's Funland - Brick Breaker
146896,25,2-rcZGVbFZk,2018-07-17 12:19:22,,,Lots of Little Labs | Barnyard Babies with Dr. Pol
146897,25,uZj1c6GZjyA,2018-07-17 12:17:25,,,"StoryBots | Songs To Learn Shapes: Circle, Triangle, Square, Rectangle | Music For Kids | Netflix Jr"
146898,25,K11aAjPmAVs,2018-07-17 12:16:34,,,Bobert's Kitchen | The Amazing World of Gumball | Cartoon Network
146899,25,F-ohbDZaYVg,2018-07-17 12:15:49,,,Murder by Birder [60 Second Specimens]
146900,25,eloeS8fol8Q,2018-07-17 12:14:57,,,House Guests | The Amazing World of Gumball | Cartoon Network
146902,25,PYyhdPEvdA8,2018-07-17 12:12:34,,,CBeebies Songs | Andy's Shark Rap
146903,25,UdQreBq6MOY,2018-07-17 12:10:56,,,The Scientific Methods: Crash Course History of Science #14
146904,25,ZS0EOAp1vh8,2018-07-16 17:56:39,,,FAA Training Video 02
146905,25,drs3vht_UW0,2018-07-15 12:22:27,,,Shinchan tamil season 4 Episodes 2 to 7 HQ
146914,25,mdvfXzCoqvA,2018-07-14 12:06:54,,,Moliere - Man of Satire and Many Burials: Crash Course Theater #21
146915,25,bZEAkO9OSco,2018-07-14 12:06:03,,,Bank balance sheets and fractional reserve banking | APⓇ Macroeconomics | Khan Academy
146919,25,drs3vht_UW0,2018-07-13 18:56:23,,,Shinchan tamil season 4 Episodes 2 to 7 HQ
146924,25,xa2rmGOvN6A,2018-07-13 18:34:58,,,Red and Pink Rangers vs Serpentina | E26 Hard Heads | Mystic Force | Power Rangers Official
146925,25,2BOOhT5EiAw,2018-07-13 18:32:43,,,Friends Don't Fade Away - RJ's Fight | Purple Wolf Ranger | Jungle Fury | Power Rangers Official
146926,25,dXmwZmZea5E,2018-07-13 18:32:21,,,Eruma Saani | Recent conditions of Committed boys.
146930,25,4i4EvzCr6Rg,2018-07-12 22:04:37,,,I Want a Leather Jacket 😎 The Wiggles
146931,25,PMNE8qnVDtw,2018-07-12 22:03:14,,,Oscar’s Mad Skills | Summer Camp Island | Cartoon Network
146932,25,p5ndnr1ycYs,2018-07-12 22:01:37,,,Get Carried Away with Bewear!
146933,25,Tg-nDoRZIII,2018-07-12 22:00:49,,,Baby Bump Update!  15 weeks Q&A  | Pregnancy Update
146934,25,bxB8MHSAxOo,2018-07-12 22:00:11,,,Shaun's World Cup - Shaun the Sheep #football #sport #worldcup
146935,25,nVqlkqsWtEo,2018-07-12 21:58:48,,,NATURE CAT | Super Secret Spy Mission! | PBS KIDS
146936,25,5JXl1UoE4NI,2018-07-12 21:56:38,,,My Body | Word Play | 3D Animation | Pinkfong Songs for Children
146937,25,qCS0X-3Mihk,2018-07-12 21:55:51,,,Pinkfong Baby Shark Driver | Toy Show | Pinkfong Songs for Children
146938,25,3vBAyCAO788,2018-07-12 21:55:08,,,Octonauts - Saving Manatees | Sea Creature Encounter | Cartoons for Kids | Underwater Sea Education
146939,25,pwcA_xjw8vs,2018-07-12 21:54:12,,,Looby Loo | Dance Along | Pinkfong Songs for Children
146940,25,srZDA8QrmI4,2018-07-12 21:52:28,,,Building a Boat | TuTiTu The toys come to life
146941,25,Ndh5hzSaR3M,2018-07-12 21:51:53,,,Cruz Ramirez's Training Session | Racing Sports Network by | Pixar Cars | @disneyjr
146942,25,fSEFfWf2au0,2018-07-12 21:50:38,,,The First & Zeroth Laws of Thermodynamics: Crash Course Engineering #9
146943,25,Ysu0Ex2l4JE,2018-07-12 21:49:29,,,Octonauts - Water Bears | Sea Creature Encounter | Cartoons for Kids | Underwater Sea Education
146944,25,mtsQNchEPSk,2018-07-12 21:47:29,,,TuTiTu Animals Toy Collection 🐶 Dog and friends 😽 Fun and Educational Toy Building for Toddlers
146945,25,oQgOS0vsDcE,2018-07-12 21:47:10,,,The Secrets We Keep About Religion | Strangers' Secrets
146946,25,_2_QFN_CQjY,2018-07-12 21:46:17,,,Heroes of the City - About Harry Hot Rod | Meet The Characters | Kids Cartoons | Car Cartoons
146948,25,BdUyRUcO64Q,2018-07-12 21:42:05,,,StoryBots | Classic Songs For Children | If You're Happy And You Know It | Learning Through Songs
146949,25,2Co-NOVc9tk,2018-07-12 21:39:38,,,2018 Pocoyo Football Championship: Brazil vs Belgium
146973,25,UaxwBQr0DQc,2018-07-09 04:26:16,,,How To Get Free Legendary Cue In 5 Minutes Only
146974,25,vlsJjegp1kM,2018-07-08 06:47:22,,,8 Ball Pool Banned Account Problem Solved
146976,25,o1ARBxpp4Ss,2018-07-07 23:42:19,,,"Chikni Chameli - Agneepath |Best Lyric Video |Katrina, Hrithik | Shreya, Ajay-Atul"
146978,25,JMqLif2RRNQ,2018-07-07 23:36:40,,,X-Men vs. Firefist Scene - DEADPOOL 2 (2018) Movie Clip
146979,25,cLTXQxiQPgE,2018-07-07 23:32:12,,,Full Video: Ek Do Teen Film Version | Baaghi 2 | Jacqueline F |Tiger S | Disha P| Ahmed K | Sajid N
146981,25,6CVVd9RB7CI,2018-07-07 23:21:46,,,"GF BF VIDEO SONG | Sooraj Pancholi, Jacqueline Fernandez ft. Gurinder Seagal | T-Series"
146982,25,piMC2DyaTeo,2018-07-07 22:27:07,,,"Kheech Meri Photo - Film Version | Sanam Teri Kasam | Harshvardhan, Mawra | Himesh Reshammiya"
146983,25,dZ0fwJojhrs,2018-07-07 22:23:51,,,Guru Randhawa: Lahore (Official Video) Bhushan Kumar | Vee | DirectorGifty | T-Series
146984,25,zXAx5Nq_wvk,2018-07-07 22:21:57,,,New Year Party Song 2025 I  New Punjabi Song 2025 | Yo Yo Ke Gaane | Tribute to Yo Yo Honey Singh
146985,25,xWi8nDUjHGA,2018-07-07 22:19:27,,,"Yo Yo Honey Singh: DIL CHORI (Video) Simar Kaur, Ishers | Hans Raj Hans | Sonu Ke Titu Ki Sweety"
146989,25,w5VFOKKAbQQ,2018-07-07 22:13:10,,,Pink Lips Full Video Song | Sunny Leone | Hate Story 2 | Meet Bros Anjjan Feat Khushboo Grewal
146990,25,8LZgzAZ2lpQ,2018-07-07 22:09:52,,,'Abhi Toh Party Shuru Hui Hai' Full Video Song | Khoobsurat | Badshah | Sonam Kapoor | Aastha
146991,25,yP9KiFTyBks,2018-07-07 22:09:42,,,Baby Doll Full Video Song Ragini MMS 2 | Sunny Leone | Meet Bros Anjjan Feat. Kanika Kapoor
146992,25,Fg_9gLeVV2E,2018-07-07 22:09:30,,,Daddy Mummy FULL VIDEO Song | Urvashi Rautela | Kunal Khemu | DSP | Bhaag Johnny | T-Series
146993,25,k89egJyAlDE,2018-07-07 22:09:10,,,Paani Wala Dance Lyrical | Sunny Leone & Ram Kapoor | Arko | Ikka
146995,25,nCD2hj6zJEc,2018-07-07 22:07:25,,,"Dheere Dheere Se Meri Zindagi Video Song (OFFICIAL) Hrithik Roshan, Sonam Kapoor | Yo Yo Honey Singh"
146996,25,x8F5dz8kv1w,2018-07-07 22:03:15,,,"Chaar Botal Vodka Full Song Feat. Yo Yo Honey Singh, Sunny Leone | Ragini MMS 2"
146997,25,NbyHNASFi6U,2018-07-07 22:02:57,,,Blue Eyes Full Video Song Yo Yo Honey Singh | Blockbuster Song Of 2013
146998,25,TvngY4unjn4,2018-07-07 21:58:08,,,"Exclusive: LOVE DOSE Full Video Song | Yo Yo Honey Singh, Urvashi Rautela | Desi Kalakaar"
146999,25,3kP6G8D8OxE,2018-07-07 21:53:52,,,"Mere Rashke Qamar Full Song | Baadshaho | Ajay Devgn, Ileana|  Nusrat & Rahat Fateh Ali Khan Tanisk"
147000,25,dv_Qjzca56k,2018-07-07 21:48:34,,,"Jumme Ki Raat Full Video Song | Salman Khan, Jacqueline Fernandez | Mika Singh | Himesh Reshammiya"
147001,25,ZTmF2v59CtI,2018-07-07 21:46:43,,,"""Sheila Ki Jawani"" Full Song | Tees Maar Khan | Katrina Kaif | Vishal Dadlani, Sunidhi Chauhan"
147018,25,-tZb-YkSfVg,2018-07-06 05:26:23,,,How to Unbanned 8 Ball Pool Account  || 2017 || Step By Step || Urdu/Hindi || RL Station
147024,25,ir0KTjtRhJw,2018-07-06 05:14:09,,,8 ball pool -How to get 100% coins payback (3.12.1) latest version 2017(Antiban)
147026,25,GnVNPOQ_-kw,2018-07-06 04:46:32,,,How to Get Upto 9 Million Coins Payback Without Legendary Cues
147027,25,o4s1kbR8PG8,2018-07-06 04:44:02,,,How to Get Coins Payback Upto 30-50% Without Any Legendary Cue - 100% Working Trick With Proof
147033,25,D_LKt7z6cDo,2018-07-06 03:28:18,,,How To Get Free Pool Fanatic Cue In Only 1 Minute
147041,25,Wg5fI-TZ3uA,2018-07-04 00:41:07,,,Bitbns Email and Bitcoin Good News in Tamil | Bitbns ஈமெயில் என்ன? |பிட்காயின் பற்றிய நற்செய்தி ?
147042,25,wXgvcUqVlko,2018-07-04 02:05:57,,,V-Cut Abs Workout for Ripped Obliques (6 Exercises!) | V SHRED
147043,25,jQ6zBJ9sGMk,2018-07-04 02:01:30,,,Tight Arm Workout
147050,25,h_cW7GcNJ6o,2018-07-02 04:50:05,,,8 Ball Pool - Pool Guideline Tool Tutorial
147055,25,oxIgCaYVPoE,2018-07-02 02:20:00,,,8 Ball Pool Mod 2024 || Latest Version 3.13.3 || Online Hack Beginner Cue 10X Max Level Full Power
147057,25,VDZkBusrvgg,2018-07-01 03:54:00,,,"Kazhugoo - Aambalaikum Pombalaikum Video | Krishna, Bindhu | Yuvan"
147058,25,Q_RiJmvmcyQ,2018-07-01 03:47:45,,,"Oru Kal Oru Kannadi - Venaam Machan Video | Udhayanidhi Stalin, Santhanam"
147059,25,W9ZABxh9uuc,2018-07-01 03:44:34,,,"Meesaya Murukku Songs | Machi Engalukku Ellam Video Song | Hiphop Tamizha, Aathmika, Vivek"
147060,25,GVRZd2RclkQ,2018-07-01 03:40:39,,,"Pazhagikalam - Aambala | Full Video Song | Vishal, Hansika | Hiphop Tamizha"
147073,25,BqIhYERFw8o,2018-06-30 03:54:39,,,8 ball pool (miniclip) - The greatest escape in 8 ball pool history. what should you do!(tips/trick)
147075,25,qnNLnnoq37I,2018-06-30 02:30:14,,,Hey Joker•Psy Trance•Let the Drop Begins•
147078,25,ADdWWnhg2Xo,2018-06-30 02:11:13,,,Transformers 6: Rise of Unicron Trailer (Fan Made!)
147079,25,iuJDhFRDx9M,2018-06-30 02:09:13,,,Tokyo Drift - Teriyaki Boyz [ MUSIC VIDEO ] HD
147080,25,2GUmy4BuSdM,2018-06-30 02:08:48,,,Dragon Ball Super - Vegeta Breaking His Limits (Trap Remix) (BASS BOOSTED)
147082,25,9wXC1GtGuaM,2018-06-30 02:08:23,,,New Year Sound Check [ Beat Mix ] -  Swar Marathi
147083,25,Uye3qz97DYY,2018-06-30 02:07:10,,,Adaludan Paadalai Kettu Original HD Video Songs   Motta Siva Ketta Siva
147086,25,RVc-0v2efzc,2018-06-30 01:54:01,,,Itemkaaran (Video Song) - Semma Botha Aagathey | Yuvan Shankar Raja | Atharvaa | Badri Venkatesh
147087,25,6vb4i9jc7sY,2018-06-28 10:12:58,,,Types Of Bike Riders | Types | Black Sheep
147088,25,yhKjkjDM5C8,2018-06-28 09:46:50,,,AFTER GRADUATION | RANDOM VIDEOS | BLACK SHEEP
147091,25,GxTbdisoiKg,2018-06-27 10:39:19,,,Top Tamil actors whom we failed to notice in Tamil movies | Part 1
147092,25,Sswx6sTWuBM,2018-06-27 10:11:30,,,Ant-Man and the Wasp | Official Tamil Trailer |  In  Cinemas July 13
147096,25,3ii0Wt5yQZk,2018-06-25 20:23:03,,,The Flash - Non-speedster fight scenes (all seasons so far)
147098,25,aiEuzkJDwUg,2018-06-25 20:11:00,,,Wade Wilson (Deadpool) Deflecting Bullets Scene - X-Men Origins: Wolverine (2009) Movie CLIP HD
147099,25,JACMAldd0fw,2018-06-25 14:45:05,,,How optical Illusions trick your brain
147103,25,oKc2C_fyAPQ,2018-06-25 14:39:51,,,Shrink The Room - SEE THINGS - Insane Optical Illusions - 2017
147104,25,kqPGHE4Ubew,2018-06-25 14:34:24,,,TRICK YOUR EYES TO MAKE THE WALLS MELT/CRAZY HALLUCINATION | INSANE ILLUSIONS
147105,25,1W5XURDb0BQ,2018-06-25 14:33:52,,,Hypnosis: Deep sleep in 2 minute
147106,25,pfBTXZWRPQ4,2018-06-25 14:26:28,,,hypnotist for being smart
147109,25,O-bXep9O6o4,2018-06-24 15:25:22,,,The flash vs Zoom (amv)#monster...
147111,25,IXGcw48YpOQ,2018-06-24 15:20:21,,,What Girl Friend Thinks Vs What Best Friend Thinks | Athu Ithu with Ayaz #2 | Black Sheep
147112,25,fBsXBjn-6W0,2018-06-24 15:18:24,,,BOY'S DAD vs GIRL'S DAD | ADHU IDHU WITH AYAZ #3 | Black Sheep
147113,25,Ubdg1z4N7Rc,2018-06-24 15:12:02,,,BROTHER VS SISTER | ADHU IDHU WITH AYAZ #5 | Black Sheep
147114,25,LGjY6S-H34M,2018-06-24 15:07:26,,,A Sister's Annoying Brother | Girls Zone - Strictly For Girls | GZ #08 | Smile Mixture
147115,25,UkmIT-hmfhI,2018-06-24 15:00:55,,,LAST DAY OF COLLEGE | RANDOM VIDEOS | BLACK SHEEP
147116,25,MpX_ES-t6ic,2018-06-24 15:00:24,,,Bit'ugal Palavitham | Examination/ Semester Exam  Scenario | Chennai Memes
147121,25,wVnRYXaWBTs,2018-06-24 14:42:43,,,EXAM ATROCITIES | EXAM RAGALAIGAL | Exam preparartion and result paridhabangal | EXAM SOTHANAIGAL
147123,25,EjfHFDgG3K0,2018-06-23 22:54:41,,,Maths தெரிந்தால் பணம் சம்பாதிக்கலாம் | Solve Simple Maths & Earn Money in Tamil - Wisdom Technical
147124,25,_tIin_ATwWs,2018-06-23 22:54:18,,,"மாதம் ரூ 1,00,000/- மேல் கூகுள் (Google) கம்பெனியில் சம்பாதிப்பது எப்படி"
147125,25,7NBhe48UfCg,2018-06-23 22:53:57,,,How to Create New Amazon Mturk Account in 2018 in Tamil 100% Working Method
147127,25,Ha27Irt0uy4,2018-06-23 22:52:26,,,Amazon Mturk online job  new id கிடைக்குமா?கிடைக்காதா?part2
147128,25,1jRmGOggqxI,2018-06-23 22:15:36,,,Super Scenes In Tamil Movies-1
147130,25,Gxp71HNV2Dw,2018-06-23 18:36:17,,,CAMPUS INTERVIEW | RANDOM VIDEOS | BLACK SHEEP
147131,25,ihjFadgx6hM,2018-06-23 18:27:40,,,College Super Kings CSK | Random Videos | Black Sheep
147139,25,kFzCcxaqLr8,2018-06-23 16:03:04,,,Thala fans Vs Thalapathy fans | En-Sta Studios | Part 1
147140,25,CgxKWeHApWU,2018-06-23 16:02:16,,,EXCLUSIVE Interview with Mic Set Team (Sriram and Gokul) | Inaiya Thalaimurai | Thanthi TV
147144,25,Fp1PqdM7HKg,2018-06-23 15:47:14,,,Hostelers and Day Scholars | Stereotype | Kirukku Mates
147145,25,nOHPQEMOHd0,2018-06-23 15:42:24,,,Tamil boys Vs Hindi boys | En-Sta Studios
147148,25,oJNF5btj1BA,2018-06-23 15:22:16,,,Team 'Eruma Saani' Cheats 'Thappu Thanda' Producer
147151,25,CFgGmk3KGmQ,2018-06-23 15:09:32,,,VILLAGE BOY vs CITY BOY | ADHU IDHU WITH AYAZ | BLACK SHEEP
147155,25,SzzrEHXSENY,2018-06-23 05:47:49,,,12th Result Scenario (The Untold Story) | +2 Board Exam Results | Chennai Memes
147156,25,lAnHqOsDTJg,2018-06-23 05:46:40,,,Power Rangers: Legacy Wars - Lord Drakkon Challenge BEATEN & Unlocked
147159,25,gpwh_rflU6E,2018-06-23 05:43:34,,,RV thambolam @ nayarangadi fest 2k18 അച്ചായൻസ്
147160,25,7II9x_65ygY,2018-06-22 00:54:17,,,Eruma Saani | Boys vs Girls
147161,25,N1vE8iiEg64,2018-06-22 00:54:07,,,Eruma Saani | Tamil vs English
147162,25,gkRrr0w7YnY,2018-06-22 11:22:57,,,Eruma Saani | Random Season #1
147163,25,arFU_ZymKJI,2018-06-22 11:09:50,,,Eruma Saani | NEWLY COMMITTED VS ONE YEAR LATER
147164,25,qhSrh7ydPCA,2018-06-22 11:01:14,,,Eruma Saani | Back to School - A Nostalgic Trip
147165,25,GVRZd2RclkQ,2018-06-22 03:25:45,,,"Pazhagikalam - Aambala | Full Video Song | Vishal, Hansika | Hiphop Tamizha"
147166,25,97o5LirQZMM,2018-06-22 03:24:12,,,Ninaithale Inikkum - Pia.. Pia.. Video | Vijay Antony
147167,25,9yYhAWn1yt0,2018-06-22 03:19:36,,,Yennamo Yedho - Muttaalaai Muttaalaai Video Song | Gautham Karthik | D.Imman | Rakul Preet Singh
147169,25,5Bf3ZOds3ps,2018-06-22 03:19:13,,,Aadukalam from Ayyayo Video Song 1080p HD
147170,25,5yjy7djTUDc,2018-06-22 03:18:47,,,Vaaranam Aayiram - Ava Enna Video | Harris Jayaraj | Suriya
147171,25,WZLwewrhwJ0,2018-06-22 03:17:52,,,Siruki Siruchi Vantha uncut version|Vasool Raja MBBS
147172,25,Uye3qz97DYY,2018-06-22 03:16:41,,,Adaludan Paadalai Kettu Original HD Video Songs   Motta Siva Ketta Siva
147173,25,PjT12Ce0Kw8,2018-06-22 03:15:33,,,Mukkala Mukkabala Video Song | Kadhalan Movie Songs | Prabhudeva | Nagma | AR Rahman
147175,25,WZfn3CjFSP0,2018-06-22 03:00:30,,,Hey Vaada Vaada | Tamil Video SOng | Kacheri Aarambam | Jiva |  Poonam bajwa | D Imman
147177,25,aC5jxfajP1c,2018-06-19 14:53:39,,,Power Rangers: Legacy Wars - Legendary Dai Shi Box Opening!
147179,25,pgV8GYFbxvo,2018-06-19 14:50:59,,,HOW TO HACK ? ~ Power Rangers Legacy Wars
147181,25,ETS5IVk9m6Q,2018-06-19 14:49:12,,,A FREE 3000 CRYSTAL BOX!!!  THANK YOU 500+ SUBSCRIBERS!!!  POWER RANGERS LEGACY WARS LEAGUE 8
147184,25,XV330pfgh0Y,2018-06-19 14:18:56,,,Best Ways to Get Legendary Characters | Power Rangers: Legacy Wars
147188,25,-tZb-YkSfVg,2018-06-19 01:54:35,,,How to Unbanned 8 Ball Pool Account  || 2017 || Step By Step || Urdu/Hindi || RL Station
147194,25,KYVqlv9doFQ,2018-06-18 04:17:09,,,OMG 🔥8 Ball Pool 3.12.4 LongLine AntiBan MOD By TECHNO CODE
147207,25,FTqZubqW0R4,2018-06-17 09:31:54,,,8ball pool mod apk!!!unlimited all!!!unban apk !!!
147214,25,QavYA6wT8NY,2018-06-16 08:22:11,,,8 Ball Pool I New Mobile Auto Win Disconnect Hack v 3.10.1 ( 1000% Working )-By Muhammad Hussnain
147216,25,FZwcZo8IP4s,2018-06-16 08:21:23,,,8BP Berlin Trick 2018 Auto Win / Ball In Hand ( 100% Working Updated )
147230,25,i-rvVXhHbBk,2018-06-16 07:51:23,,,MOD AUTO WIN + DISCONNECT + BOLAS SEM GRAVIDADE + LEVEL 100 + LINHA 9 8BALLPOOL 3.12.4
147257,25,rFm935IaE3M,2018-06-16 06:40:52,,,8 Ball Pool Latest Version Hack/Mod Unlimited | 100% Working! in Hindi/Urdu - 2018
147270,25,DRiB3J-o73M,2018-06-16 05:55:38,,,How To Mod/Hack 8 ball Pool Using Android (No Root) Easy Make Your Own 8 Ball pool Images
147275,25,TTrvSDLX2XY,2018-06-16 05:22:10,,,Make Coins Super Fast in 8 Ball Pool  - PART#1 -  Playing Big Matches with All of my Coins -CAN YOU?
147276,25,NvGgD0rAV7o,2018-06-16 05:21:50,,,8 ball pool Account GIVEAWAY
147287,25,qqf-LLdObxg,2018-06-16 04:37:43,,,Best iOS 11 Jailbreak Tweaks! Top Cydia in Anticipation of 11.3.1 Jailbreak (iPhone X)
147297,25,JLoFPbPt1oI,2018-06-16 02:00:09,,,How to unblock permanently ban account in 8 ball pool ( 100% Working) 2017
147301,25,RUZW9-Pig8Y,2018-06-15 23:59:48,,,8 Pool Pool Hack 2017 No banned
147304,25,Xm8UQROp4PM,2018-06-15 06:57:17,,,Balance Update Is Here RIP ZHANE ~ Power Rangers Legacy Wars
147305,25,NRcP-gI4kA4,2018-06-15 06:56:45,,,Power Rangers: Legacy Wars (Street Fighter) M. Bison (Moveset)
147308,25,3J2VbIUCNJs,2018-06-14 20:27:48,,,its Been 1000 Years Since i Made a Golden Break -i Am Searching A Golden Break- Hindi Commentary
147310,25,5pC3L308RAs,2018-06-13 21:01:21,,,Hazel Crowney Hot Scene Video
147311,25,KmN6qLwj1_A,2018-06-13 21:00:31,,,Asha heroine real life sex
147312,25,8aTq7s3_-TQ,2018-06-13 20:59:05,,,Boys Movie || Siddharth & His Friends Superb Comedy With Bhuvaneswari || Siddharth || Shalimarcinema
147313,25,du8KGLmhIic,2018-06-13 20:56:29,,,"Sontha Ooru Movie || Thirtha Best Love Scene || Raja, Thirtha, L.B. Sriram || Shalimarcinema"
147319,25,OP2PTtL9Hyg,2018-06-13 20:48:12,,,നമ്മളോടാ കളി  / Aparna Nair  Irshad   Street Light  Malayalam Movie Scene
147321,25,f3VoViUxXuc,2018-06-13 20:45:40,,,Коул пытается сбежать от няни Би.(Няня 2017)_фильм ужасов.Nanny 2017 .(Horror movie)
147322,25,lADpnKljgPk,2018-06-13 20:45:02,,,Mala/Fama: BFFF
147323,25,qMtIZoHhKwc,2018-06-13 20:44:49,,,Mala/Fama: Siete Días
147326,25,nLUJM2ly7FU,2018-06-13 20:37:50,,,கிடா பூசாரி மகுடி || Latest Tamil Cinema KIDA POOSARI MAGUDI Full Movie HD PART 12
147327,25,f7Ukj_2ylzI,2018-06-13 20:36:15,,,முதலிரவு கிடா பூசாரி மகுடி || KIDA POOSARI MAGUDI Tamil Movie
147329,25,_Jb060koJsw,2018-06-13 20:33:40,,,lakshmi short film with comedy
147330,25,2Re97s1O8qE,2018-06-13 20:33:23,,,Lakshmi   Short Film  memes
147333,25,ynnda7nlLa0,2018-06-13 20:27:17,,,lakshmi - in Whistle Sattham - Hara Hara Mahadevaki Version
147335,25,dxKe6t4mfJU,2018-06-13 20:25:03,,,"எனக்கு ஏத்த படம் ""இருட்டு அறையில் முரட்டு குத்து"""
147336,25,IAGz2bDlwqA,2018-06-13 20:20:48,,,The Final Battle [Part 1] | Justice League
147338,25,DqQmvsZp_CY,2018-06-13 20:17:09,,,AXL Official Trailer (2018)
147344,25,hvSHiSGfKCs,2018-06-11 03:36:37,,,Kadhalil Vizhunthen - Tholiya En Kadhaliya - High Quality
147346,25,VDZkBusrvgg,2018-06-11 03:36:03,,,"Kazhugoo - Aambalaikum Pombalaikum Video | Krishna, Bindhu | Yuvan"
147347,25,Q_RiJmvmcyQ,2018-06-11 03:30:32,,,"Oru Kal Oru Kannadi - Venaam Machan Video | Udhayanidhi Stalin, Santhanam"
147348,25,5yjy7djTUDc,2018-06-11 03:24:43,,,Vaaranam Aayiram - Ava Enna Video | Harris Jayaraj | Suriya
147352,25,OWtc5T5fQzQ,2018-06-10 00:30:30,,,Polladavan Padichupathen QualityClipz com 
147354,25,VDZkBusrvgg,2018-06-10 00:19:47,,,"Kazhugoo - Aambalaikum Pombalaikum Video | Krishna, Bindhu | Yuvan"
147356,25,tmNbVdYst2w,2018-06-10 00:06:27,,,Paakkatha (Full Song) - Aaru
147361,25,PjT12Ce0Kw8,2018-06-10 11:51:07,,,Mukkala Mukkabala Video Song | Kadhalan Movie Songs | Prabhudeva | Nagma | AR Rahman
147362,25,Uye3qz97DYY,2018-06-10 11:47:32,,,Adaludan Paadalai Kettu Original HD Video Songs   Motta Siva Ketta Siva
147364,25,Q_RiJmvmcyQ,2018-06-10 11:45:19,,,"Oru Kal Oru Kannadi - Venaam Machan Video | Udhayanidhi Stalin, Santhanam"
147367,25,OWtc5T5fQzQ,2018-06-09 03:56:26,,,Polladavan Padichupathen QualityClipz com 
147368,25,GVRZd2RclkQ,2018-06-09 03:52:27,,,"Pazhagikalam - Aambala | Full Video Song | Vishal, Hansika | Hiphop Tamizha"
147369,25,6XHxemgHf1g,2018-06-09 03:51:53,,,"Rajinimurugan - Yennamma Ippadi Panreengalaema Video | Sivakarthikeyan ,Keerthi | D. Imman"
147370,25,Q_RiJmvmcyQ,2018-06-09 03:51:43,,,"Oru Kal Oru Kannadi - Venaam Machan Video | Udhayanidhi Stalin, Santhanam"
147371,25,VDZkBusrvgg,2018-06-09 03:33:22,,,"Kazhugoo - Aambalaikum Pombalaikum Video | Krishna, Bindhu | Yuvan"
147373,25,0FsPYnmjkN4,2018-06-09 03:31:44,,,"Ethir Neechal - Local Boys Video | Dhanush, Sivakarthikeyan"
147374,25,5yjy7djTUDc,2018-06-09 03:26:03,,,Vaaranam Aayiram - Ava Enna Video | Harris Jayaraj | Suriya
147375,25,WZfn3CjFSP0,2018-06-09 03:24:59,,,Hey Vaada Vaada | Tamil Video SOng | Kacheri Aarambam | Jiva |  Poonam bajwa | D Imman
147376,25,BBZ2YFmoDGE,2018-06-09 03:24:36,,,Night Lovell - Your Luv (BASS BOOSTED)
147377,25,kQgwyrHYKUM,2018-06-09 01:12:23,,,"Irumbuthirai - Deleted Scene 01 | Vishal, Arjun, Samantha | Yuvan Shankar Raja | P.S. Mithran"
147378,25,vFWlCsjWFMw,2018-06-09 01:08:12,,,Tamizh Padam 2 - Teaser
147379,25,qcJ1Ww0m9aA,2018-06-08 22:18:45,,,16_3 (2)
147380,25,WloR27rFcAA,2018-06-08 21:58:06,,,I tech solution
147381,25,SiduJA4p7SQ,2018-06-08 20:02:57,,,"Kaala Review - Karikaalan - Rajinikanth, Pa. Ranjith - Tamil Talkies"
147382,25,nmCKvTToyvI,2018-06-08 18:42:17,,,ASL Idioms
147383,25,hXnmKoFmwjM,2018-06-08 18:31:04,,,Mission: Impossible - Fallout (2018) - Tamil | Paramount Pictures India
147384,25,tuLO3g3yfao,2018-06-08 03:17:24,,,BUMBLEBEE Trailer (Transformers 2018)
147385,25,9cvXoTwseco,2018-06-08 02:56:40,,,"""செருப்பால அடிச்ச மாறி  இருக்கு"" - Kaala Movie FDFS Public Review At GK Cinemas"
147386,25,u0LVDsV7w0E,2018-06-07 05:06:13,,,Transformers (2007) - Eyes On Mikaela Scene - Movie Clip HD [1080p 60 FPS]
147388,25,kXijmzrXYC4,2018-06-07 03:55:25,,,🕉 SHIVA TANDAVA 🎧 Bass Boosted 🎧PSY TRANCE MIX 🎧 | Pyschedelic Trap Mix | Stotram
147389,25,Aooy7iw-7cY,2018-06-07 03:55:14,,,Vini Vici & Astrix - Adhana
147391,25,8q67zjvYiFg,2018-06-07 03:54:59,,,Natalia Lafourcade fT. Julieta Venegas - Hu Hu Hu (Biogenetic Remix)
147392,25,1eb_yERi70w,2018-06-07 03:54:54,,,Shiv tandav strotam full HD video
147394,25,tI9srWfwdV4,2018-06-07 03:53:39,,,"By- Priyanka Singh(PS) Shiva Tandav stotram, The Soul Of Shiva"
147396,25,ulUxKCjwtJ0,2018-06-07 03:48:58,,,Bholenath - Speed Music - LUCKY DJ
147397,25,4qrI8x-pCNo,2018-06-07 03:48:34,,,DRAGON BALL SUPER Ultimate Battle (OFFICIAL TRAP REMIX) (OFFICIAL Goku VS Jiren)
147401,25,0Nw8RNc2MaY,2018-06-07 03:44:56,,,Marc Madness - They Are Here (BassBOOST)
147402,25,Zwu0fAz1kbA,2018-06-07 03:44:40,,,CØDE - Get The Party (BassBOOST)
147404,25,k85mRPqvMbE,2018-06-07 03:41:21,,,Crazy Frog - Axel F (Official Video)
147410,25,WZfn3CjFSP0,2018-06-07 03:28:57,,,Hey Vaada Vaada | Tamil Video SOng | Kacheri Aarambam | Jiva |  Poonam bajwa | D Imman
147411,25,ggbfBoxgqwQ,2018-06-05 03:51:33,,,Koditta Idangalai Nirappuga | Damukaatlaan Dumukaatalaa Video Song | Shanthanu | Sathya
147414,25,JsTTgIPCS7c,2018-06-05 03:44:21,,,Ghilli * Appadi Podu * HD
147416,25,WZfn3CjFSP0,2018-06-05 03:29:06,,,Hey Vaada Vaada | Tamil Video SOng | Kacheri Aarambam | Jiva |  Poonam bajwa | D Imman
147417,25,yyTtBgr-UJw,2018-06-04 15:57:27,,,PSY -Gangnam Style HD1080p Blue Ray (jayakrrish99)
147419,25,pPGcYXZhCPY,2018-06-04 15:50:29,,,Ayalathe Veetile Club Mix feat.Mythili ( Jecin George Mix ) Matinee Movie
147420,25,_vzTliLhAj8,2018-06-04 15:45:14,,,Vada Vada Paiya - Tamil Songs HG 2013 www.tamilcinema4u.in
147421,25,QzADju_BqGg,2018-06-04 15:44:01,,,Vaada Vaada Paiyaa - Kacheri Aarambam - 1080p / 720p HD DTS - BluRay Video Songs
147422,25,5ijKEkgyg7s,2018-06-04 15:37:41,,,Enkannukulla  appuchi gramam
147430,25,vLxOAON2dTk,2018-06-04 02:57:27,,,Power Rangers: Legacy Wars (Street Fighter) Cammy (Moveset)
147431,25,vLxOAON2dTk,2018-06-03 11:42:32,,,Power Rangers: Legacy Wars (Street Fighter) Cammy (Moveset)
147432,25,QzADju_BqGg,2018-06-03 11:16:56,,,Vaada Vaada Paiyaa - Kacheri Aarambam - 1080p / 720p HD DTS - BluRay Video Songs
147434,25,qYfdsH4zOzE,2018-06-03 11:12:18,,,Tamil Girls Dancing In a Party
147435,25,zqA2pjSwsjo,2018-06-03 11:11:19,,,TAMIL DJ SONGS NONSTOP MIX MASHUP VOL2
147436,25,sQezaX5hIf0,2018-06-03 11:09:49,,,"Gulaebaghavali | Guleba Video Song Promo | 4K | Kalyaan | Prabhu Deva, Hansika | Vivek-Mervin"
147438,25,ggoeWxrJTY4,2018-06-03 11:08:58,,,"Kalakalappu 2 | Oru Kuchi Oru Kulfi | Hiphop Tamizha | Jiiva, Jai, Nikki Galrani, Catherine Tresa"
147439,25,tztPFrJbGp4,2018-06-03 11:08:28,,,Kuruvi - Dandana Darna HD [1080p]
147440,25,Cu3uD9FWFq4,2018-06-03 11:06:05,,,Endrendrum Punnagai Tamil Full Movie [English and Malay Subtitles]
147441,25,-GEqbiDHfMM,2018-06-03 11:05:48,,,variety Tune of ponnan blue magic
147442,25,wP4xqXaJI9I,2018-06-03 11:00:07,,,Anthony in Party - Odakara | Folk music from India
147445,25,u4-t72TbxIA,2018-06-03 10:55:17,,,Ayyo Papam Video Song HD | Bhaiyya My Brother Malayalam Movie | Ram Charan | Shruti Haasan | Yevadu
147446,25,GeEZRhDRO9Y,2018-06-03 10:54:49,,,En Arugil Video Song HD | Bhaiyya My Brother Malayalam Movie | Ram Charan | Shruti Haasan | Yevadu
147447,25,MlJmklBTp_Y,2018-06-03 10:54:32,,,Oru Vazhi Phadhai  video song - Ramcharan  | Ram Charan | Genelia |  Harris Jayaraj | Mass Audios
147448,25,yTzzn168VuA,2018-06-03 10:54:06,,,Rubba Rubba... | Ramcharan Tamil Movie Song | Harris Jayaraj |
147449,25,IYGlBb1ccnk,2018-06-03 10:52:27,,,Ram Charan Action Movies | MegaHit Action Full Dubbed Tamil Movies
147452,25,T_wE9J9hFUE,2018-06-03 10:49:47,,,Yevadu :  Pimple Dimple Full Video Song
147454,25,EdjMNDZb4_E,2018-06-03 10:46:03,,,Lifting Thor's Hammer (Scene) - Stan Lee Cameo - Thor (2011) Movie CLIP HD
147455,25,NIsacwSbqX4,2018-06-03 10:45:50,,,Nazik Dhol Sky beatz kollam kerala 8075465424
147457,25,5CCO5JzFtCc,2018-06-03 10:44:57,,,DRAGON BALL SUPER Ultra Instinct (OFFICIAL TRAP REMIX)
147458,25,ob2dRfMXwYU,2018-06-03 10:44:46,,,Dragon Ball Super - Ultra Instinct Goku (Trap Remix) (BassBOOST)
147459,25,5G4TXeBg9Sg,2018-06-03 10:44:13,,,Night Lovell - Dark Light (Big BassBOOST)
147461,25,tEifzwvn42k,2018-06-03 10:43:14,,,Hopex - Fear (BASS BOOSTED)
147462,25,y9dU3xTDMbk,2018-06-03 10:42:42,,,Mountkid - Dino (BASS BOOSTED)
147467,25,Cj3AV92fJ90,2018-06-03 10:35:25,,,JABBAWOCKEEZ at the NBA Finals 2017
147468,25,4leLMTqNkEE,2018-06-03 10:31:26,,,STEP UP 3D WORLD JAM FINALS
147469,25,kTvzU1sGSyA,2018-06-03 10:30:58,,,Jabbawockeez at World of Dance Bay Area 2014
147470,25,0qSvLZujQEU,2018-06-03 10:29:16,,,"Skrillex-Kill the noise, Birdy nam nam, Porter Robinson -giong spitfire HD video Fanmade Dubstep"
147471,25,EQe5XER5Ku4,2018-06-03 05:45:13,,,Axol ft. The Tech Thieves - Bleed (BassBoost)
147476,25,jwslDn3ImM0,2018-06-03 04:51:19,,,Introducing the no CAPTCHA reCAPTCHA
147478,25,vA0ZUNZDibM,2018-06-02 18:23:19,,,8 Ball pool | Giveaway + some indirect | trickshots in Berlin.
147486,25,MZyHs0a7mNU,2018-06-02 09:12:15,,,Alone country trick 2018 OMG 2000% work guaranteed with proof.must watch
147487,25,IbMlh6Xfq2Y,2018-06-02 09:11:15,,,How To Get Legendary Cue Easily Trick 2018 || By Ali Waris Yt ||
147488,25,CM5hs-q9HMs,2018-06-02 05:05:20,,,Vanakkam Chennai - Oh Penne whatsapp status Video _ Shiva_ Priya Anand
147490,25,d87xahtUbIE,2018-06-02 05:05:05,,,Ezhu kadal thandi unakaga vandhene- Whatsapp Status
147492,25,oASTpNQ5YwI,2018-06-02 03:42:59,,,Alone country trick 2018 OMG / 1000% work guaranteed
147493,25,5udI0k6bwgE,2018-06-02 03:42:37,,,Rafeef | Berlin Platz 1800 Billion Coins 😎(1080P) Full Hd
147500,25,1GfZ5IUkfBQ,2018-05-31 09:33:58,,,5 Shocking Snake Attacks Caught on Camera
147502,25,e9hMoHi_FbA,2018-05-31 09:33:09,,,Amazing Snake Playing | Poisonous Snake Cobra & Rat Snake Played By Snake Charmers
147503,25,DoZVm2aVBRU,2018-05-31 09:27:48,,,Man Selecting Cobras For Snake Show
147507,25,hNT5qFK8blo,2018-05-31 09:21:04,,,Kadhal Kan Kattudhe Movie Scenes | Athulya  doubts KG | Shivaraj | Deva
147508,25,RUDbxuNZ54s,2018-05-31 09:20:53,,,kadhal kan kattudhe romantic love whats up videos FTW Creations
147512,25,OKYRSBspjyw,2018-05-31 03:51:39,,,Ram Charan Marriage Highlights - Full HD Quality Video
147515,25,VWdKgu7x8a4,2018-05-31 03:49:46,,,Ragalai  Muyalaa Muyalaa vedio song hd 1080p BluRay x264 DTS HD
147517,25,T_wE9J9hFUE,2018-05-31 03:42:56,,,Yevadu :  Pimple Dimple Full Video Song
147518,25,gRP0qMpUPSw,2018-05-31 03:40:00,,,Bruce Lee The Fighter Title Song - Full Video | Ram Charan | Rakul Preet Singh
147519,25,OxVPDD6PXd8,2018-05-31 03:35:46,,,"Kung Fu Kumaari - Bruce Lee The Fighter |Ram Charan, Rakul Preet Singh |Ramya B, Deepak |Telugu Song"
147520,25,PKwa2gx-MnI,2018-05-31 03:35:22,,,Bangaru kodipetta - Magadheera 2009 Telugu Full Song HD
147528,25,veAripGsyuM,2018-05-30 03:58:18,,,Epic Battle of Champions | B-Boy Issei vs. B-Boy Hong 10 | Final | Red Bull BC One World Final 2016
147529,25,0_Kq3IQQMNA,2018-05-30 03:50:51,,,They go ALL OUT l B-Boy Issei vs B-Boy Willy | @RedBullBCOne  World Final 2017 | Top 16
147530,25,V1v7PUb271E,2018-05-30 03:44:31,,,Bir ( you are powerpact dancer)
147531,25,1dss6XCDE2w,2018-05-30 03:30:28,,,MICHAEL JACKSON DANCE | MJ TRON LIGHT DANCE
147533,25,Z_sItbtiGS0,2018-05-30 03:20:51,,,Horror Round | Mani and Felina
147537,25,fJi6HHY2EyM,2018-05-29 02:24:34,,,Robot Title Song | Dance Champions | Kings United | Dance Choreography
147538,25,uT_2xbA6ALs,2018-05-29 02:18:24,,,Jiyo Re Baahubali | Baahubali 2 The Conclusion | Dance Champions | Kings United
147541,25,WPNpygFzjbg,2018-05-29 02:14:41,,,sun saathiya full video song Abcd 2 Varun Daawan and Shraddha Kapoor
147542,25,Ki4_Fc3XoSk,2018-05-29 02:13:49,,,Vande Mataram Full Video | Disney's ABCD 2 | Varun Dhawan & Shraddha Kapoor | Daler Mehndi | Badshah
147543,25,DGllpLejNe8,2018-05-29 02:13:20,,,"""ABCD original Dance with real music of Prabhu Deva | GK CREATION"
147545,25,t_GBGG-Ukw0,2018-05-29 02:05:57,,,Bam Bhole Original || Viruss || Akshay Kumar || ACME MUZIC
147546,25,5KqmkAcaHtM,2018-05-29 02:05:36,,,Nucleya Trance - Bhayanak Atma (EDM vs Reggeton) - Dj Aaditya ♫ Beautiful Trance
147547,25,JOKWNdhZZZA,2018-05-29 02:05:14,,,DJ AMBULANCE TRANCE   YouTube
147549,25,kbjvjKH8Zo0,2018-05-29 02:02:19,,,New Trance || 2018 || Full BASS
147552,25,CA0Dt9EO06c,2018-05-29 01:58:39,,,Team NH47 Nasik Dhol at Irinjalakuda
147556,25,1fuC4ZTbbPQ,2018-05-27 00:43:55,,,The Flash vs Solovar( Gorilla City Leader)  The Flash 2014 S03E13
147557,25,3a7e-npyunY,2018-05-27 00:28:11,,,Battleship (4/10) Movie CLIP - Not Dead! Not Dead! (2012) HD
147558,25,JCVLrJfjsIo,2018-05-27 00:25:05,,,Battleship (3/10) Movie CLIP - Attack On Hawaii (2012) HD
147563,25,2j9ezHw-uKM,2018-05-27 00:20:35,,,dj trance music 2018|| bass boosted 3d sound
147565,25,D48SbtLuzsU,2018-05-27 00:19:45,,,Crazy Frog Racer 2 (PS2 Gameplay)
147566,25,0kXwW6reObk,2018-05-27 00:19:32,,,Crazy Frog - Safety Dance (Official Video)
147567,25,10HwmvvxlEw,2018-05-27 00:19:17,,,Crazy Frog - Cha Cha Slide (Official Video)
147568,25,J67BIo4fy20,2018-05-27 00:18:54,,,CRAZY FROG ALBUM - Last Christmas (HQ)
147569,25,4TjIUmtvBxA,2018-05-27 00:15:53,,,Crazy Frog - We Are The Champions - Crazy Frog Director's Cut
147570,25,k85mRPqvMbE,2018-05-27 00:15:36,,,Crazy Frog - Axel F (Official Video)
147571,25,8DfczFzWYPc,2018-05-27 00:12:15,,,RANA EN LA MOTO Crazy Frog
147572,25,R6L6uuQ1LBE,2018-05-27 00:12:09,,,Minion Banana song [BASSBOOSTED]
147576,25,NrMClfiVkCM,2018-05-27 00:08:06,,,Sound Check Vs Police Siren - Dj Satish N Sachin
147580,25,4YxakwTpnXE,2018-05-27 11:56:52,,,New Police Siren Sound Check [ Hard Vibration ] - Swar Marathi
147583,25,nZyLiNz1ppA,2018-05-27 09:55:22,,,Police siren Trance - 3 - ( TRAP KING )
147584,25,5CCO5JzFtCc,2018-05-27 09:53:00,,,DRAGON BALL SUPER Ultra Instinct (OFFICIAL TRAP REMIX)
147587,25,n13Bqbmn_MA,2018-05-27 09:47:20,,,KKC THAMBOLAM IN NAYARANGADI FEST 2K17 BON  #kkcthambolam #thambolam #pooram
147588,25,ulUxKCjwtJ0,2018-05-27 09:46:59,,,Bholenath - Speed Music - LUCKY DJ
147589,25,FgZTvaZBJIU,2018-05-27 09:45:05,,,Shree Ram - Competition - LUCKY DJ
147590,25,-n8GYm35FeA,2018-05-27 09:44:43,,,Clarx - H.A.Y (BASS BOOSTED)
147592,25,Zwu0fAz1kbA,2018-05-27 09:41:07,,,CØDE - Get The Party (BassBOOST)
147593,25,iHrFtRXJ66A,2018-05-27 09:40:58,,,Best Trance music
147594,25,-nQFML8pkck,2018-05-27 09:40:04,,,Powerfull Shiva Best Trance 2021 [ Updated]
147598,25,2DmKILtfaiI,2018-05-27 09:27:43,,,Bam Bhole Bam Bam Hara Hara MahaDev  🙏💪
147599,25,dv-7FY5gm0w,2018-05-26 22:42:40,,,X-Men: The Last Stand (2006) - Movie Trailer [HD]
147605,25,ZVth91r2Ng4,2018-05-25 21:08:59,,,Ethics in the Workplace
147606,25,dYIHE_5KGQM,2018-05-25 04:11:49,,,JAI SHREE RAM DJ VICKY MIX
147607,25,2DmKILtfaiI,2018-05-25 04:06:28,,,Bam Bhole Bam Bam Hara Hara MahaDev  🙏💪
147608,25,FgZTvaZBJIU,2018-05-25 04:04:06,,,Shree Ram - Competition - LUCKY DJ
147610,25,pKzdXxeZoes,2018-05-25 04:00:45,,,Tandav Music - Jai Bholenath - LUCKY DJ
147613,25,ZwqcjKc_aJ4,2018-05-24 10:30:50,,,Deadpool nel MCU - parodia- fan-made
147614,25,DXp4zSu-FsU,2018-05-24 10:30:06,,,best attitude whatsapp status for boys!! #Being single
147616,25,AxyAF_Y8qwY,2018-05-24 10:29:37,,,Reality of Life in 30 seconds | Life
147621,25,iZs221fo7qY,2018-05-24 10:24:31,,,WhatsApp status cheating
147625,25,MTETV3mX4W8,2018-05-24 10:03:45,,,A CHILDHOOD Trailer (2015)
147627,25,nX_VhMg5QAI,2018-05-24 09:59:03,,,Hot and sexy banned condoms ad in india
147634,25,tsn7mhGOk3I,2018-05-24 09:52:19,,,Scarlett Johansson Movie boobs
147635,25,zCttJu0ZFpw,2018-05-24 09:49:38,,,Knock Knock (6/10) Movie CLIP - Like a Good Little Girl (2015) HD
147636,25,odvIh7iwK2E,2018-05-24 09:49:23,,,The Boss (2016) - Jostling Each Other's Bosoms Scene (6/10) | Movieclips
147639,25,stFdMEGEXvc,2018-05-24 09:48:30,,,Mc Chacalzinho - DJ NENO - Pique bandido ( WEB CLIPE DESENHO ANIMADO )
147641,25,37XHyForLIE,2018-05-24 09:43:51,,,Hypstar
147642,25,LveQLUDjnaw,2018-05-24 09:43:43,,,Bull Durham (1988) - Annie Seduces Nuke Scene (8/12) | Movieclips
147643,25,vhEOInyNr54,2018-05-24 09:43:07,,,Jumanji: Welcome to the Jungle (2017) - I'm Into You Scene (9/10) | Movieclips
147644,25,_ZIpnWucimQ,2018-05-24 09:40:25,,,Teeth (7/12) Movie CLIP - OBGYN (2007) HD
147645,25,YqRnYf2cyI0,2018-05-24 09:39:57,,,Slither (2006) - Bathtime Scene (7/10) | Movieclips
147658,25,btmnWqh5IEk,2018-05-23 18:30:07,,,The Final Stage
147661,25,rSh6QSPQ0bM,2018-05-23 18:11:23,,,Trent becomes the White Ranger | White Thunder Part 1 | Dino Thunder | Power Rangers Official
147666,25,ks3y4hV0Trw,2018-05-21 20:36:15,,,This Will Be Over Fast!
147667,25,JSyL7M_5cNU,2018-05-21 20:32:38,,,Brody Just Can't Stop!
147668,25,Yp_Qa6_XBBU,2018-05-21 20:32:10,,,The Spirit of Kindness - Casey rescues the Power Rangers | Jungle Fury | Power Rangers Official
147674,25,0m6BtPDkzho,2018-05-21 20:28:07,,,Order of the Claw Training | E06 Spirit of the Tiger | Super Megaforce | Power Rangers Official
147675,25,d5aoUByJWos,2018-05-21 20:26:33,,,Super Megaforce - Casey at the Zoo | Episode 6 Spirit of the Tiger | Power Rangers Official
147676,25,r0EjjcCyJWo,2018-05-21 20:24:49,,,"Legendary Jungle Fury Ranger, Casey"
147677,25,aQVgFRRtWYs,2018-05-21 19:52:31,,,The Spirit of Kindness - Tiger Spirits | Jungle Fury | Power Rangers Official
147678,25,O23vFrQFtkE,2018-05-21 19:51:34,,,"Tigers Fall, Lions Rise - Megazord Fight (E27) | Jungle Fury | Power Rangers Official"
147679,25,kzP6jVz3ots,2018-05-21 19:48:47,,,Claw Cannon | Jungle Fury | Power Rangers Official
147682,25,dCLq0_rt-N8,2018-05-21 19:13:20,,,Rhino Zord and Rhino Steel Megazord | Power Rangers Official
147685,25,MR0jljhhzZo,2018-05-21 19:11:31,,,Yenny or Laurel ? (Trap Remix) (BASS BOOSTED)
147691,25,GdIVNpYOYBA,2018-05-19 21:38:24,,,Roll Call | Jungle Fury | Power Rangers Official
147695,25,iTjMoHocJyA,2018-05-19 21:28:08,,,Power rangers SPD tamil starting part 4
147696,25,D8l8tp_fsTw,2018-05-19 21:27:25,,,Power Rangers S.P.D. Ranger Sombra
147697,25,0ygE3pdyj8w,2018-05-19 21:26:59,,,Power Rangers SPD Theme song Tamil Version
147698,25,SLOdUuhk7vs,2018-05-19 21:22:06,,,Ranking the Red Power Rangers
147699,25,HFdkenrKZKs,2018-05-19 21:21:38,,,Power Rangers S.P.D & Power Rangers Dino Thunder - Legendärer Kampf! (DEUTSCH) HD
147700,25,b5gIb1zH3AM,2018-05-19 21:19:11,,,RJ vs Dai Shi Fight | Purple Wolf Ranger | Jungle Fury | Power Rangers Official
147701,25,d_u4pGG-0VQ,2018-05-19 21:18:40,,,"True Friends, True Spirits - RJ vs the Wolf (E18) | Jungle Fury |Power Rangers Official"
147702,25,8MQ0RGHvKoY,2018-05-19 21:18:20,,,Power Rangers Dino Super Charge Gold Ranger
147705,25,bjJzji2ZTxU,2018-05-19 21:15:32,,,Powerrangers SPD tamil super scenes
147708,25,5p0OJJ0FcVQ,2018-05-19 21:14:12,,,First Morph and Fight | S.P.D. | Power Rangers Official
147710,25,ONZGOM7dvTQ,2018-05-19 21:07:10,,,Power Rangers SPD Episode 1 Tamil
147720,25,JLoFPbPt1oI,2018-05-19 10:49:08,,,How to unblock permanently ban account in 8 ball pool ( 100% Working) 2017
147721,25,BqMxbsFkd6U,2018-05-19 10:44:23,,,How to open 8 ball pool permanently banned account
147724,25,5CCO5JzFtCc,2018-05-19 04:26:02,,,DRAGON BALL SUPER Ultra Instinct (OFFICIAL TRAP REMIX)
147725,25,ob2dRfMXwYU,2018-05-19 04:25:57,,,Dragon Ball Super - Ultra Instinct Goku (Trap Remix) (BassBOOST)
147728,25,pAvGsSI_cu8,2018-05-19 04:22:43,,,TriBoss - Aqua Drop (Deep Bass Test)
147730,25,rEXUbVAVAwE,2018-05-19 04:19:20,,,अपने प्यारे बाप्पा को ये किस हाल में छोड़ दिया आपने ? Ganesh Idols in Waste Garbage - MP Ptrika
147731,25,iWzm58EPemU,2018-05-19 04:17:24,,,Ganesh's Nimajjanam/Visarjan 2025 - Go Pollution Free
147732,25,O2iVjomNK9E,2018-05-19 04:16:54,,,Baapa Morya Promo l Crew Films Studio Present l Nagpur l 2014
147734,25,eX8XqsWarC0,2018-05-19 04:15:19,,,Hucci & Stooki Sound - Ball So Hard [Bass Boosted] (HD)
147735,25,Bsi2qnskP68,2018-05-19 04:14:12,,,BASS BOOSTED TRAP BEAT !!!
147736,25,iPM7mB9bQ7E,2018-05-19 04:11:55,,,Madara - Balls (Radio Edit) (Bass BOOSTED)
147740,25,3rwplXoLQw4,2018-05-18 14:12:06,,,Sniper 3D Assassin Final Boss Battle : Fast as a Shark
147743,25,z47r66-9XIg,2018-05-18 13:03:58,,,Spec Ops: Al Vahdeko - Sniper 3D Assassin: Shoot to Kill - Gameplay Walkthrough Part 9
147746,25,8AI_gotYPfk,2018-05-18 08:59:24,,,Sniper 3D Assassin SMALL VALLEYS Primary Mission 16 - CHOPPER CHASE
147748,25,YiikKO2q4Nw,2018-05-18 08:56:22,,,Sniper 3D Assassin Shoot to Kill SCHALLTEIN A WHOLE GANG AT ONCE
147750,25,v6IyejLa35s,2018-05-18 08:50:01,,,Sniper Pug
147751,25,bcENL_Vdoqw,2018-05-18 08:47:36,,,Cats vs Zombies!
147752,25,I7JWKRztBUs,2018-05-18 08:46:54,,,Sniper 3D Assassin: Shoot to Kill - Gameplay Walkthrough Part 33 - Region 11 Completed
147753,25,DvlG0D-u3Ks,2018-05-18 08:38:37,,,"Sniper 3D Assassin: Shoot to Kill - Gameplay Walkthrough Part 32 - Region 11 (iOS, Android)"
147754,25,E-lCV4q88wI,2018-05-18 08:36:40,,,Thrissur Pooram-Kaddhina vedi.....
147755,25,2-gVsEFaGCs,2018-05-18 08:36:16,,,Gold Luck  Sniper 3D
147756,25,4PZbsjtfXPw,2018-05-18 08:36:01,,,"Sniper 3D a deadly take off, parashoot, line em up"
147758,25,dD9hJUIH8GU,2018-05-18 08:32:34,,,#36【スナイパー3Dアサシン】SMALL VALLEYSスペックオプス
147759,25,1fmhsDODSms,2018-05-18 08:32:29,,,#43【スナイパー3Dアサシン】第8都市カーツヴィル、スペックオプス、国外逃亡を許すな❗
147760,25,bBcPRlL3vsM,2018-05-18 08:32:07,,,Sniper 3D Assassin: Shoot to Kill - Gameplay Walkthrough Part 37 - Region 12 Completed
147761,25,lJa4_emkbTw,2018-05-18 08:31:46,,,Sniper 3D Assassin Al Vahdeko Spec Ops Missions 1-5 All Spec Ops Gameplay
147763,25,6CO6ShQd5i0,2018-05-18 08:31:13,,,Sniper 3D Assassin Al Vahdeko Spec Ops Mission 1- EVERYBODY HATES JIM
147769,25,ABfKmSpu-qs,2018-05-18 08:00:15,,,Baahubali பாகுபலி‬ 2 - The Conclusion | Trailer on March 16
147770,25,FOW7NJHA5jE,2018-05-18 07:57:49,,,Sivan devotional status | in 2018 | in tamil | 1080p HD
147778,25,1li4xvoV6YM,2018-05-17 06:10:08,,,Spoorwegovergang Simpelveld // Dutch railroad crossing
147779,25,0PH-bUDlLU4,2018-05-17 06:07:36,,,Lego train under water
147780,25,t6uIPXeFbdA,2018-05-17 06:04:37,,,உலகின் மிக ஆபத்தான 5 ரயில் பாதைகள் | With English subtitles | 5 unusual train routes in the world |
147782,25,ZGeAH6t2dkY,2018-05-17 06:02:16,,,2 trains accident? Illusion or reality ? Mega compilation of rarest diamond crossing of IR
147784,25,YwX8rFiEci4,2018-05-17 05:40:05,,,Indian Navy drums up a Select CityWalk storm : appealing to the retail generation
147785,25,WefptaIkd3o,2018-05-17 05:39:37,,,saffron beats nasik dhol mullassery KKD
147786,25,ZYFcRZjGfj4,2018-05-17 05:39:24,,,SAFFRON BEATS NASIK DHOL
147787,25,G88EqcyyZ8I,2018-05-17 05:38:55,,,Manjappada nasik doll
147789,25,v8PRdC_wBow,2018-05-16 16:20:58,,,Sniper 3D Assassin ADAMI ISLAND Spec Ops Mission 1 - JETSKI KIDNAPPERS
147790,25,Y3RQYgdi780,2018-05-16 07:43:59,,,7 Male Lions Can't Take Down 1 Porcupine!
147792,25,TdS_fUWoiNA,2018-05-16 06:50:07,,,#Amazing Rare Unseen Art of Khajuraho #HD #2017
147795,25,gJAdMGV2Bnw,2018-05-16 06:47:29,,,A male Sandhill crane was caught on video protecting his family from a gator
147797,25,FgZTvaZBJIU,2018-05-15 00:52:40,,,Shree Ram - Competition - LUCKY DJ
147798,25,2DmKILtfaiI,2018-05-15 00:45:14,,,Bam Bhole Bam Bam Hara Hara MahaDev  🙏💪
147801,25,kXijmzrXYC4,2018-05-15 11:55:17,,,🕉 SHIVA TANDAVA 🎧 Bass Boosted 🎧PSY TRANCE MIX 🎧 | Pyschedelic Trap Mix | Stotram
147802,25,-5TlNR4HGwo,2018-05-15 11:54:47,,,SHIV TANDAV REMIX - Eth x ( OFFICIAL MUSIC VIDEO )
147803,25,tI9srWfwdV4,2018-05-15 11:54:23,,,"By- Priyanka Singh(PS) Shiva Tandav stotram, The Soul Of Shiva"
147804,25,4_WW9OLWA7g,2018-05-15 11:53:40,,,SHIVA THANDAVA AGHORI DANCE
147805,25,1eb_yERi70w,2018-05-15 11:50:37,,,Shiv tandav strotam full HD video
147808,25,VwJqVLPt0kM,2018-05-15 11:48:20,,,Metahesh - Alive (Bass BOOSTED) (BMW M4 Performance)
147809,25,SamWMeXMeD0,2018-05-15 11:47:28,,,Inova - Isolation (BASS BOOSTED)
147811,25,WX0-cdvC1gY,2018-05-15 11:45:28,,,Drivvin x Holly - Til The End (BassBoost)
147812,25,3YMZ14QvQfA,2018-05-15 11:45:20,,,Flume ft. T.Shirt - On Top (Monista Remix) (BassBOOST)
147813,25,Unj1z4BpduA,2018-05-15 04:15:24,,,Eruma Saani | FOREIGNERS VS INDIANS
147814,25,SRG1uKy4XeQ,2018-05-15 04:04:37,,,#Thandav #nazik #dhol reloaded program at thriche
147815,25,4FPAOjIWHGk,2018-05-15 03:59:07,,,Ochaa nasik dhol at tholanimudi
147816,25,Cli35qStS5Y,2018-05-15 03:56:29,,,Blue tiger nashik dhol (mumbra sandal ) 9594468814
147818,25,oUfQ5qwRDX8,2018-05-15 03:53:48,,,NASHIK DHOL ORIGINAL FULL BASS 6 MILLION+VIEWS #ऑडिशन (SPARKELS GROUP) 720p HD
147820,25,akIGYgV5xps,2018-05-15 03:49:51,,,Pune Dhol Tasha (special Tasha Mix) PART 2 | Aai Dev Bappa Aale | Dj Naresh NRS | 2018
147821,25,9A6wSCsF2s8,2018-05-15 03:48:12,,,Indian (DHOL - TASHA) Cover Shivgarjana Dhol Tasha Pathak Wardha
147822,25,I2DHG1pb6CU,2018-05-15 03:47:19,,,തകർപ്പൻ ഫ്യൂഷൻ  പെർഫോമൻസ് !!! ബ്ലൂ മാജിക് തമ്പോളം
147823,25,usK8HWQhtG4,2018-05-15 03:46:51,,,BRAHAMA nazic dhol stage show performance
147824,25,ughdX_XKYik,2018-05-15 03:43:42,,,Nashik Dhol | Original Beats Nashik Dhol Tasha | Best Nasik Dhol Ever
147826,25,RYAc4FETVbI,2018-05-15 03:40:36,,,THE POWER OF PUNERI DHOL TASHA (PART 2) - DJ Ammy
147830,25,Zwu0fAz1kbA,2018-05-15 03:36:10,,,CØDE - Get The Party (BassBOOST)
147835,25,4YxakwTpnXE,2018-05-15 03:12:01,,,New Police Siren Sound Check [ Hard Vibration ] - Swar Marathi
147836,25,lQdwZw4hYtY,2018-05-15 03:11:37,,,Ipl trance music  (bass booster) DJ siren mix
147838,25,cTguqcmJJQs,2018-05-15 03:10:34,,,SOUND CHECK 2017 (In-Bass-Mix) | DJ Aniket & DJ Nagesh Sangli || DJ Musics
147839,25,wVhReDBpUDM,2018-05-15 03:10:32,,,Mass ringtone ff7
147840,25,wCJVvZvWA7Q,2018-05-15 03:07:37,,,Water + Petrol mixing!!!
147864,25,T60UpGNu2tw,2018-05-14 02:37:28,,,Soft Bass Music - LUCKY DJ
147866,25,pGLqQ-7o8TE,2018-05-14 02:37:10,,,Murga Dance - DJ Machine - LUCKY DJ
147869,25,H7dRVeJyflU,2018-05-14 02:36:35,,,Jaikara Dance - LUCKY DJ
147871,25,uGwOmyhsqUU,2018-05-14 02:30:31,,,Indian Jaikara - Dance Music - LUCKY DJ
147872,25,pKzdXxeZoes,2018-05-14 02:29:24,,,Tandav Music - Jai Bholenath - LUCKY DJ
147873,25,ulUxKCjwtJ0,2018-05-14 02:26:31,,,Bholenath - Speed Music - LUCKY DJ
147874,25,KhGyqT58vEY,2018-05-14 02:25:07,,,Alia Bhatt in Aap Ki Adalat
147875,25,tYyElgX-QjQ,2018-05-13 15:18:00,,,"Shiva Most Powerful Trance""WARNING"""
147877,25,ulUxKCjwtJ0,2018-05-13 15:17:02,,,Bholenath - Speed Music - LUCKY DJ
147879,25,qSatgFXdKyU,2018-05-13 04:20:52,,,BIGGEST BASS DROP EVER! (EXTREME BASS TEST!!!) PART 5
147880,25,-9uq06mfhDw,2018-05-13 04:18:29,,,BIGGEST BASS DROP EVER! (EXTREME BASS TEST!!!) PART 4
147881,25,nSj1RXtfFcE,2018-05-13 04:17:02,,,BIGGEST BASS DROP EVER! (EXTREME BASS TEST!!!) PART 3
147882,25,FuCowHsdvbY,2018-05-13 04:10:06,,,BIGGEST BASS DROP EVER! (EXTREME BASS TEST!!!) PART 2
147883,25,M-n4cWNK2MQ,2018-05-13 04:09:16,,,BIGGEST BASS DROP EVER! (EXTREME BASS TEST!!!) - (TRIBOSS - AQUA DROP)
147884,25,rnGmWzSw9Y4,2018-05-13 04:09:01,,,98% CANT HEAR THIS (CAN YOU?)
147886,25,SBI4H0Allz8,2018-05-13 04:07:07,,,25 MOST LEGENDARY BEAT DROPS OF ALL TIME - Killer confidence
147887,25,5CCO5JzFtCc,2018-05-13 04:06:15,,,DRAGON BALL SUPER Ultra Instinct (OFFICIAL TRAP REMIX)
147888,25,ob2dRfMXwYU,2018-05-13 03:59:41,,,Dragon Ball Super - Ultra Instinct Goku (Trap Remix) (BassBOOST)
147889,25,VDfJdtEYR20,2018-05-13 03:59:05,,,Les Minions (2015 )  -  Meilleures Scènes
147890,25,uQ4rQKpcQ60,2018-05-13 03:58:35,,,Despicable Me 3  2017  - Minion Idol  Stage Song Scene
147891,25,HTjrJTxYmJU,2018-05-13 03:58:19,,,SUBWAY SURFERS GAMEPLAY HD - SHANGHAI ✔ DINO HIGHSCORE AND MYSTERY BOXES OPENING - KIM JENNY 100
147893,25,JBdc14W8r5Y,2018-05-13 03:57:50,,,Adventures of Sonic the Hedgehog - Lovesick Sonic | Videos For Kids | Cartoon Super Heroes
147894,25,83SxDcVjNgY,2018-05-13 03:57:37,,,Sonic Boom - Tails & Zooey in love
147896,25,48QTiudyj2M,2018-05-13 03:56:45,,,Pacman vs Sonic
147898,25,rRzdU1bt0a8,2018-05-13 03:54:54,,,Subway Surfers Official Trailer - Best Cartoons Subway Surfers 2023 - Subway Surf Gameplay PC HD
147902,25,JiJa5yRk7Tg,2018-05-13 03:48:09,,,Tamate sound hoskote
147903,25,usK8HWQhtG4,2018-05-13 03:42:21,,,BRAHAMA nazic dhol stage show performance
147904,25,WefptaIkd3o,2018-05-13 03:41:04,,,saffron beats nasik dhol mullassery KKD
147905,25,-GEqbiDHfMM,2018-05-13 03:39:34,,,variety Tune of ponnan blue magic
147906,25,msSc7Mv0QHY,2018-05-13 03:39:13,,,J.Geco - Chicken Song
147908,25,9wXC1GtGuaM,2018-05-13 03:37:25,,,New Year Sound Check [ Beat Mix ] -  Swar Marathi
147909,25,zzjSTkcP1SY,2018-05-13 03:37:19,,,CHE GUVERA BGM (2018)
147910,25,QiyLleKQKlU,2018-05-13 03:37:03,,,Mersal Theme - The Jallikattu | MS Studios | Thalapathy | Atlee | TSL
147912,25,pRc5OCTiBdI,2018-05-13 03:36:28,,,Shiva shivaya potri  song
147913,25,A5jOnlJ2M6Q,2018-05-13 03:36:19,,,Ninja & WildCat Insane Duos! - Fortnite Battle Royale Gameplay
147914,25,GiM3VOq5g5A,2018-05-13 03:32:06,,,Benchingko/Films Presents: Temptation Jungle ft. Eddie Garcia
147915,25,0DPdnsj9KP4,2018-05-13 03:29:24,,,The Plumber
147916,25,zpsLeylY5-Y,2018-05-13 03:29:01,,,Grand Theft Auto V - Amanda CAUGHT (EASTER EGG)
147920,25,1z_LIngzN10,2018-05-13 03:20:19,,,Lamborghini Brunch Drive Bangalore 2016 : Part 2
147921,25,HnUcDJuw_jE,2018-05-13 03:17:57,,,SUPERCARS IN INDIA (BANGALORE) JULY 2016
147922,25,ZwqcjKc_aJ4,2018-05-13 03:16:11,,,Deadpool nel MCU - parodia- fan-made
147925,25,ktBGQX2CpYE,2018-05-13 03:01:30,,,Death of Franklin - GTA V PC Editor | GTA 5 Short Film
147926,25,ual7YGlvetc,2018-05-13 02:58:43,,,GTA 5 mount chiliad police chase
147927,25,wOl-aCwpQBM,2018-05-13 01:09:28,,,Eruma Saani | Condition After Breakup
147928,25,tHwNJ8gy8bI,2018-05-13 01:05:48,,,Eruma Saani | Singles vs Committed
147929,25,rgyquODhbrs,2018-05-13 12:50:14,,,Summer Atrocities | Singles VS Committed | WAC
147931,25,5mMrlzTCxYw,2018-05-12 19:30:11,,,Iron Man vs Superman Epic Fan Trailer (FANMADE)
147932,25,yvlSFQ_WLj8,2018-05-12 19:30:06,,,All Iron Man Suit up/down Scenes (up to Civil War)
147935,25,Y2vSEWlxrs8,2018-05-12 19:25:50,,,Black Panther tells about him | Civil War | In tamil | Marvel Tamil Fans
147939,25,Ff00FvdYmkg,2018-05-12 19:14:53,,,Stark vs Hulk - Optimus vs Bee OST
147940,25,grFrv0zFEfg,2018-05-12 19:14:29,,,Every Iron Man Transformation/Suit Up & Downs HD
147941,25,rnJBi6dCdDs,2018-05-12 19:14:23,,,Yarro Ivan - With Lyrics
147943,25,QgjFIQluNBI,2018-05-12 19:12:06,,,Age Of Ultron Hammer lifting scene | In tamil | Marvel Tamil Fans
147944,25,VKecl1UK74Q,2018-05-12 18:48:02,,,தானோஸ் செத்தாண்டா!! - Unknown Facts About CAPTAIN MARVEL Revealed By #SRK Leaks | Thanos | Avengers
147947,25,M82c7ZwH9c8,2018-05-12 18:44:51,,,House party | 600028 II : Second innings | Yuvan Shankar Raja | Venkat Prabhu | Madhan Karky |
147948,25,QD4B_6CM-dk,2018-05-12 17:53:51,,,NEVER CHANGE..| Boys Attitude Whatsapp status | Whatsapp Status Vedios
147953,25,qRVNobxFSr4,2018-05-12 17:50:37,,,Best What's app Status || Vijay Sethupathi || Vikram Vedha || Tamil what's app status| Single Status
147954,25,lJXDuHY_zWw,2018-05-12 17:50:19,,,KETTAVAN THA Vijay Sethupathi whatsapp status (Self - Respect)||Whatsapp Status|| 💞 Sarathy Varun💕
147956,25,ZYGjGL3X7bA,2018-05-12 17:49:30,,,"Adi kavakara kiliye..,"
147959,25,HL_APnBF08Y,2018-05-12 17:45:19,,,Adi Kavakara..
147960,25,_KId6L8_Q8s,2018-05-12 17:44:57,,,Avan Ivan - Adi Kavakara kiliye lyrics
147962,25,gW6FNnEC5kk,2018-05-12 17:42:31,,,Hulk Smash Scenes - Age of Ultron HD
147963,25,sPQsTGnqg1I,2018-05-12 17:41:56,,,Adi kavakkara kiliye avan ivan
147965,25,4gsQkNBM76Q,2018-05-11 21:11:11,,,7 COSAS que NUNCA DEBES HACER SI ESTÁS en UNA PELÍCULA de TERROR
147966,25,62rCVK2ojhI,2018-05-11 21:10:18,,,7 PELÍCULAS que TE DESTRÔZARAN LA CABEZA
147967,25,xP59bYZFit8,2018-05-11 21:09:15,,,Preview 7: La Calentera
147968,25,WTHiqbmV9lA,2018-05-11 21:08:50,,,300 - El origen de un imperio /  Rise of an empire   with Cantara Music
147969,25,gz78-q1NyPQ,2018-05-11 21:08:14,,,Exklusiv: 300: RISE OF AN EMPIRE Helden Featurette Deutsch German | 2014 [HD]
147974,25,BMKYteops-I,2018-05-11 21:00:03,,,GF vs BF - ''Touch My Body Challenge'' - Funny Videos 2017
147985,25,T6SoFYYTWFA,2018-05-11 19:14:56,,,Drawing Videl and Gohan (Dragon Ball Super) | Dibujando a Videl y Gohan
147988,25,gmK77Df5sYA,2018-05-11 19:11:43,,,"She Hulk, 3d animation"
147991,25,vksjP-Qn5JQ,2018-05-11 19:07:45,,,Top 13 Scariest Horror Movies In Porn
147996,25,hew_NNBZTXM,2018-05-11 18:29:57,,,Little kitten thinks I'm his mom
147997,25,GmLBYlgug48,2018-05-11 18:29:35,,,子猫　ミルク飲むのはやっ！
147998,25,cJ3L5uvnz2c,2018-05-11 18:29:09,,,3 Week Old Kitten Feeding Time
148007,25,IHBLbGvwO6I,2018-05-11 18:13:00,,,Bad Moms Official Trailer 2 (2016) - Mila Kunis Movie
148008,25,2XltzyLcu0g,2018-05-11 17:59:02,,,"Guardians of the Galaxy Official Trailer #1 (2014) - Chris Pratt, Marvel Movie HD"
148009,25,0CjMR6p9Ihs,2018-05-11 15:12:25,,,Transformers: The Last Knight (2017) - First battle scene - Only Action [4K]
148010,25,ET9SHYzMz_4,2018-05-11 15:08:12,,,Transformers: Dark of the Moon (2011) - Freeway Chase - Only Action [4K]
148011,25,UVsLaDEWE1I,2018-05-11 15:01:58,,,Transformers The Last Knight 2017 negotiation clip 1080p
148012,25,UmU26HXjtDM,2018-05-11 00:15:02,,,Deadpool 2 | Final Tamil Trailer | Fox Star South | May 18
148013,25,HhXxwJVnYac,2018-05-11 00:12:29,,,Morratu Kombat | Fully
148014,25,iEbqMOv_J7Q,2018-05-11 10:40:27,,,Wrong Turn X: The Final Chapter Trailer (2019) - FANMADE HD
148015,25,IAGz2bDlwqA,2018-05-11 10:34:48,,,The Final Battle [Part 1] | Justice League
148020,25,QD4B_6CM-dk,2018-05-11 03:39:15,,,NEVER CHANGE..| Boys Attitude Whatsapp status | Whatsapp Status Vedios
148026,25,UCEMLqtGexM,2018-05-11 03:36:24,,,Bullet lovers | status video
148027,25,fRM56-UPbEU,2018-05-11 03:36:03,,,RE MUSIC SHORT STORY
148028,25,9e71cBeJAG0,2018-05-11 03:35:52,,,Jack Sparrow bgm/Theme
148030,25,TPDMi8DgZLs,2018-05-11 03:33:50,,,💥💫Boys Special WhatsApp Status Video 2018 💫💥
148033,25,ft881jTsjkM,2018-05-11 03:32:10,,,Shri Hanuman Chalisa 3D -- Trailer 1 [HD]
148034,25,WvxD4I3TNxM,2018-05-11 03:31:31,,,sree ram whatsapp status
148036,25,0SsfjOoRuNM,2018-05-11 03:29:20,,,Ellai Illatha Aathiye | Shivaya Potriye | Baahubali | Lord Shiva | Best Lord Shiva WhatsApp Status
148038,25,gkRrr0w7YnY,2018-05-10 08:46:58,,,Eruma Saani | Random Season #1
148039,25,HhXxwJVnYac,2018-05-10 05:12:50,,,Morratu Kombat | Fully
148043,25,Vao5rn7OHPo,2018-05-10 04:49:45,,,Handjob Cabin (Official HD Trailer) by Bennet Silverman
148048,25,be0gFsqqoR4,2018-05-10 03:34:17,,,Final Batlte FULL Scene I Thor Loki Hulk vs Hela - Thor Ragnarok Fight Scene [FHD]
148049,25,V8NAWrKlsAU,2018-05-10 03:05:10,,,Superman vs Justice League [Hans Zimmer] | Justice League  (Rescored AB Director)
148050,25,cHj3kCVFDLM,2018-05-10 02:48:39,,,Ronan Meets Thanos Scene - Guardians of the Galaxy (2014) IMAX Movie CLIP HD
148055,25,5Uj2KgBQNTc,2018-05-09 19:06:41,,,Ithu Pathiramanal Malayalam Movie | Scenes | Pradeep Rawat Sells Daughter's Ornament for Drinking
148056,25,OP2PTtL9Hyg,2018-05-09 19:05:24,,,നമ്മളോടാ കളി  / Aparna Nair  Irshad   Street Light  Malayalam Movie Scene
148057,25,Z5eTBiL0Y1I,2018-05-09 19:05:02,,,சிறுமியை பாலியல் பலாத்காரம் கொலை செய்த வாலிபர்
148062,25,dJHNMz31G8A,2018-05-09 19:02:04,,,Eruma Saani | Condition of Boys & Girls in Summer
148063,25,arFU_ZymKJI,2018-05-09 18:55:31,,,Eruma Saani | NEWLY COMMITTED VS ONE YEAR LATER
148064,25,6v2L2UGZJAM,2018-05-09 00:18:04,,,► Planet Earth: Amazing nature scenery.
148069,25,TmLcJ6UO5_Y,2018-05-08 04:47:56,,,Thor vs The Destroyer - Fight Scene - Thor Gets His Power Back - Movie CLIP HD
148071,25,TcGHKrh8J8I,2018-05-08 04:43:59,,,Peter Parker vs Flash - Basketball Scene - The Amazing Spider-Man (2012) Movie CLIP HD
148072,25,viK5I5eYtbo,2018-05-08 04:39:38,,,"AVENGERS 2 Age of Ultron  Movie Clip ""Lifting Thor's Hammer"""
148074,25,pDPNApnbbpc,2018-05-08 04:24:42,,,Avengers Infinity War Trailer (Animated) - Kollywood Heroes Version
148079,25,1uqsMiWBi8Y,2018-05-08 02:45:26,,,BOGAN ARAVIND SWAMY ENTRY BGM
148083,25,qfdMvkWyCuY,2018-05-05 10:52:42,,,God Hand - Double God Hand Duel
148084,25,LG7jQZbwRJA,2018-05-05 10:50:26,,,God Hand - Double God Hands [PCSX2 + Cheat Engine]
148086,25,Oplrn2JZHU4,2018-05-05 09:14:22,,,3 Dumbbell Exercises to Build Bigger Biceps
148087,25,u9Mv98Gr5pY,2018-04-28 04:10:40,,,VENOM - Official Trailer (HD)
148088,25,szA1h9spREc,2018-04-22 14:02:46,,,GTA San Andreas - Mission #57 - Supply Lines...
148089,25,20bpjtCbCz0,2018-04-20 08:00:57,,,Deadpool 2: The Final Trailer
148091,25,OMDhKvA31Fs,2018-04-19 14:30:53,,,Bahubali - 2 - movie - climax - spoof
148092,25,3c2OCxC8mW4,2018-04-19 14:29:36,,,bahubali 2 Prabhash motion video editing | Kinemaster editing | bahubali vfx editing on kinemaster.
148093,25,thzm9Q7viW0,2018-04-19 14:29:28,,,Bahubali mama dialogue
148095,25,LS6W1uwUkkQ,2018-04-19 14:27:46,,,Original Baahubali 2: The Conclusion New Trailer | Sand Art | Sarvam Patel | Sand Artist - India
148096,25,kJ4OgDHExCw,2018-04-19 14:25:52,,,Baahubali 2 | Best Scenes Most Fabulous Scene | The Conclusion|Whatsapp status
148100,25,SG3i28oZauE,2018-04-18 05:48:16,,,How to get good at God Hand - Redux tutorial
148101,25,kFD2Bpr15F8,2018-04-17 00:11:10,,,god hand ps2 cheats using codebraker
148102,25,u4b0gsHcj3Y,2018-04-17 00:11:07,,,God Hand Cheats (1080p) - Pannix
148103,25,SG3i28oZauE,2018-04-17 00:07:09,,,How to get good at God Hand - Redux tutorial
148104,25,5izQxWaXUZs,2018-04-17 00:06:46,,,Godhand KMS Run 1.4
148105,25,IYliAP4LxQE,2018-04-17 00:03:56,,,God hand- techniques
148106,25,77eCDraNzfE,2018-04-17 11:16:14,,,"GTA San Andreas, PS4: Supply Lines Mission the easier way. Completion hints, help guide."
148108,25,szA1h9spREc,2018-04-17 11:10:49,,,GTA San Andreas - Mission #57 - Supply Lines...
148109,25,_6Md5Xuvdfs,2018-04-15 07:47:31,,,PlayStation Memory Card problem (NOT NEEDED ANYMORE)
148110,25,zXERZbg5ec8,2018-04-15 07:46:20,,,[How To] Clean PS2 Memory Card To Fix Read/Write Issues Tutorial
148111,25,2hFZzNiYrGI,2018-04-14 13:39:32,,,Love failure WhatsApp status in Tamil
148113,25,b3fKXcgV3qs,2018-04-11 02:38:25,,,Justice League Introduction
148114,25,eJ3AO5jkpFA,2018-04-11 02:37:36,,,How To Create Spiderman (Smackdown style)
148115,25,-02Pu5lY1JA,2018-04-11 02:37:22,,,How to Create SSJ Goku (Smackdown! Here Comes the Pain)
148116,25,DTLrtPyqOPE,2018-04-11 02:36:53,,,5 Awesome Hacks | WWE SmackDown! Here Comes The Pain (2003)
148119,25,dl5nDUV_eRk,2018-04-11 02:35:45,,,How to Create The Hulk (Smackdown!: Here Comes the Pain)
148120,25,z5D2Z7FCrCM,2018-04-11 02:34:50,,,How to create superstar and set all types  actions in smackdown pain in ps2
148121,25,DqXD7nTPLNg,2018-04-11 02:34:31,,,WWE Smackdown Pain CAW (captain America)
148122,25,R8vYcD8d-jQ,2018-04-11 02:33:48,,,West Coast Caws WWE 13 Superman CAW Tutorial
148123,25,tknqaF66OC4,2018-03-29 20:16:35,,,Adiyeh Kirukki _(WhatsApp status)video song.mp4
148124,25,tt4J_4U0F5M,2018-03-28 12:20:12,,,Bam Bhole Dj Mix BGM
148125,25,FHUHAcp2w3c,2018-03-25 09:53:07,,,2 captcha trick 2018 to increase your daily earning
148126,25,mKFGA4VZbHU,2018-03-25 09:52:08,,,2captcha for workers
148129,25,7NBhe48UfCg,2018-03-24 07:46:18,,,How to Create New Amazon Mturk Account in 2018 in Tamil 100% Working Method
148130,25,-4yvAGs2tqw,2018-03-24 07:40:58,,,5 SHOCKING Moments From FINAL Avengers: Infinity War Trailer
148131,25,bGdCjkw2I78,2018-03-24 07:40:11,,,Leaked Avengers: Infinity War Images Shows Thor New Weapon And Major Plots
148132,25,v7ZKjxbbVfE,2018-03-24 07:39:56,,,Whatsapp hack: how to install on PC. Easy way
148146,25,LcGTm2ZGOpQ,2018-03-22 04:44:55,,,HOW TO HACK WEBSITE DATABASE WITH HAVIJ
148148,25,JhtJj3Qlk0U,2018-03-22 04:41:28,,,how to hack website using havij 1.15
148149,25,cUSXADNa5_8,2018-03-22 04:38:12,,,How to Hack Websites with SQL injection Using Havij ..samply
148150,25,dEM7YRRSvP8,2018-03-22 04:34:27,,,Hack Website With Havij Automated Sql Injection
148152,25,r0l_54thSYU,2018-03-22 04:23:51,,,"Wireshark Packet Sniffing Usernames, Passwords, and Web Pages"
148153,25,dfJTFNp0ZEc,2018-03-22 04:22:27,,,JavaScript: Check to see if a username is available
148154,25,GzAj9BvjHM4,2018-03-22 04:20:57,,,PHP MySQL Login Tutorial - Check if Username Exists
148155,25,ZdOrH50WqEo,2018-03-22 04:18:45,,,Web Scraping Tutorial using Web Scraper | Data Scraping from Websites to Excel
148159,25,CKRjXZSgg-g,2018-03-22 04:08:26,,,Data Scraping and Mining From Websites Free No Coding Required
148162,25,13k2MUcITSQ,2018-03-21 06:21:41,,,How to Use Brutus A2 *2013* (hack any password)
148164,25,97CdJFyAv1s,2018-03-21 04:46:50,,,Password Cracking 101
148166,25,dloKOen31yk,2018-03-21 04:45:14,,,how to crack http password with brutus
148168,25,aCs21PsNjNA,2018-03-21 04:17:06,,,Speechnotes - a Free Speech to Text Solution
148170,25,hncOcuWJr-g,2018-03-21 03:10:27,,,"How To Earn Rs. 50,000 Per Month by Typing | Article Writing [Hindi]"
148171,25,Bh-C0G7hn8o,2018-03-21 03:02:04,,,How to Optimize Google AdSense Ads for Your Business
148172,25,_tIin_ATwWs,2018-03-21 02:52:29,,,"மாதம் ரூ 1,00,000/- மேல் கூகுள் (Google) கம்பெனியில் சம்பாதிப்பது எப்படி"
148173,25,jN4enlQcaBM,2018-03-21 02:50:37,,,How to Make Money with Google Adsense - Step By Step Guide
148176,25,OSEOo82L70g,2018-03-21 02:06:28,,,MTurk Guide Video -  My $100 Dollar Day!
148178,25,i41Yt0X1QfA,2018-03-20 02:47:15,,,4 Sites that will Pay you cash daily
148180,25,mXgHYkX1IEQ,2018-03-20 02:45:11,,,Get Paid $25 per hour to watch YouTube videos : Be A Social Media Manager
148182,25,vWey7RowwtM,2018-03-19 23:32:50,,,Iruttu Araiyil Murattu Kuththu - Official Teaser | Gautham Karthik | Santhosh P Jayakumar
148184,25,wBDKLtr8eWc,2018-03-18 19:58:24,,,Top 10 Hilarious Movie Sex Scenes
148188,25,wFb8EhhoSRc,2018-03-18 15:04:59,,,Tiger Shroff's Gym Workout Video | Do Bollywood Actors Take Steroids?
148189,25,CXTUSw2MVmQ,2018-03-18 15:02:53,,,Virat Kohli & MS Dhoni GYM Workout Video LEAKED | Cricket World Cup Preparations
148190,25,9DLCmdBvuBc,2018-03-18 15:01:29,,,Vijay's gym Workouts in gannavaram
148191,25,KNM5HrU3zgc,2018-03-18 15:00:35,,,Sogangal enakum nenjodu irukum song for whatapp status 30sec subscribe our channel
148193,25,6ZfuNTqbHE8,2018-03-16 16:57:26,,,Marvel Studios' Avengers: Infinity War Official Trailer
148194,25,MtG9ciaPZeo,2018-03-16 15:29:00,,,Kannathil Muthathin Eeram Athu Kaiyavilaya
148200,25,9juhDTsmyTI,2018-03-15 00:00:38,,,Dictionary Attack and  Brute Force Attack: hacking passwords
148202,25,BdjUgmdqGcQ,2018-02-28 09:12:34,,,Lajjavathiye.. Jassie gift
148204,25,6v5N0nn9rNI,2018-02-28 09:10:43,,,Macho💘Lajjavathiye Version❤Mersal💞Vijay💕Kajal💝Samantha💖Tamil WhatsApp Status 💘Samantha💘
148205,25,fE0EQThREkk,2018-02-28 09:10:25,,,4th people [Edition : Malayalam] Whatsapp status
148206,25,4O01bqZfczI,2018-02-27 04:18:41,,,Travel Inspiration
148207,25,YwO_pBnOAT0,2018-02-27 04:17:49,,,Travel Inspiration
148208,25,cy0IOwIvbCY,2018-02-27 04:17:07,,,TRAVEL LOVERS best no1 status ☣️$¡vå☣️
148209,25,cNyFKeR6vRs,2018-02-27 04:02:07,,,Royalenfield desertstrom500 whatsapp status
148210,25,uNRxmnIVLGM,2018-02-27 04:01:44,,,Royal Entry Of Royal Enfield 30 Seconds Whatsapp Status
148211,25,3RV4LwDvcKE,2018-02-27 04:00:15,,,Royal Enfield Lovers for whatsapp status
148214,25,FPrQZjSvKws,2018-02-27 03:53:11,,,"Royal Enfield new WhatsApp status...,👌👌👍👍👍😎😎"
148215,25,KCzAYPnYFDA,2018-02-27 03:52:56,,,30sec of Royal Enfield | Whatsapp Video Status | Royal Enfield Bullet Lovers.
148216,25,3w_LHONhe8o,2018-02-26 14:49:56,,,Thirteen Ghosts - Trailer
148218,25,02upG1QQH40,2018-02-26 14:43:55,,,Thir13en Ghosts [2001] | Split Lawyer
148219,25,Vao5rn7OHPo,2018-02-25 14:29:21,,,Handjob Cabin (Official HD Trailer) by Bennet Silverman
148220,25,mKUkpA8NxrY,2018-02-23 20:43:08,,,Whatsapp status tamil... Amazing
148221,25,GrWuGx8XKuk,2018-02-23 19:59:09,,,Whatsapp status tamil... Coffee ♨ Art 🎨
148222,25,eJwimZDhA9I,2018-02-23 04:16:24,,,Shiva Tandav WhatsApp Status 2017
148225,25,oT4I3Z1vry4,2018-02-23 04:14:43,,,Shiva shivaya potri for whatsapp status.
148227,25,BS7uWOS_YoY,2018-02-23 04:14:00,,,Shiva shivaya potriye status
148228,25,pRc5OCTiBdI,2018-02-23 04:13:41,,,Shiva shivaya potri  song
148229,25,H5ZEsK2v3qI,2018-02-23 04:13:27,,,BAAHUBALI - SHIVA SHIVAYA POTRIYE TAMIL- HQ AUDIO
148230,25,rgyqDZo-oH0,2018-02-23 04:11:21,,,siva sivaya potriye
148232,25,4YOKCv8_-Yc,2018-02-23 04:10:15,,,Wattsapp Status shiva
148234,25,0SqIuwblkzo,2018-02-22 09:30:36,,,Maalai mangum neram whatsapp status
148235,25,AmKMPvJcGSI,2018-02-22 09:29:46,,,Malai mangum neram Romantic hit song whatsapp status
148236,25,jLcwXqxk128,2018-02-22 09:29:02,,,Maalai mangum neram song
148237,25,X9a_kOsmawg,2018-02-22 09:28:24,,,Best bullet watssup status
148238,25,F8eilEo88n0,2018-02-22 09:27:52,,,Dulquar  Salman what's app status.royal Enfield
148240,25,uNRxmnIVLGM,2018-02-22 09:26:54,,,Royal Entry Of Royal Enfield 30 Seconds Whatsapp Status
148241,25,3RV4LwDvcKE,2018-02-22 09:26:19,,,Royal Enfield Lovers for whatsapp status
148245,25,5PbkU9PrSPQ,2018-02-22 09:24:46,,,Kaththi Bgm copy proof DVBBS & Tony Junior – Immor
148246,25,kXcXAW_Rdmw,2018-02-22 09:24:10,,,Vedhalam kathi bgm Mix by allanpreetham
148247,25,8406KQrXIzo,2018-02-22 09:23:19,,,Kaththi Bgm copy proof DVBBS
148250,25,yDT6Du2rjwc,2018-02-22 09:19:29,,,Anirudh Best Bgms Mash Up | Skyline Remix
148257,25,9z0IWgpXqjk,2018-02-19 10:48:54,,,The Unbelievable Adventures of balakrishna | The American Reaction
148258,25,HzDekzK0V4Y,2018-02-19 10:44:48,,,Balakrishna vs spiderman
148261,25,dxLtLIFCyBI,2018-02-19 10:33:05,,,Top 5 - இந்தியா சினிமாவில் சிரிப்பு சண்டை | Funniest fights in Indian Cinema _ part 1
148265,25,ZAczsgChGD4,2018-02-19 10:08:08,,,3 Idiots vs Nanban | What is a Machine? Scene Reaction | Aamir Khan vs Vijay | PESHFlix
148266,25,b63uJzvk1Qg,2018-02-19 10:01:03,,,How to get a MERSAL physique like Vijay?
148267,25,l8crGAFyscs,2018-02-19 10:00:04,,,Mersal Intro Scene  | PPK ENTERTAINMENT | Full HD | 1080p
148269,25,iEpfrMQ4_qw,2018-02-19 09:56:54,,,மெர்சல் படத்தின் அனைத்து Deleted சீன்ஸ் வெளியானது | Mersal All Deleted Scenes | Thalapathy
148271,25,1iJURYPrUqw,2018-02-19 09:55:20,,,Mersal Deleted Scenes Magician Deleted Scenes
148272,25,M4npQOgt0Bc,2018-02-19 09:52:53,,,Very Cute  Girl Expressing Love Proposal
148273,25,l0gDqsSUtWo,2018-02-17 02:30:15,,,Ultimate Full-Body Dumbbell Workout | Andy Speer
148275,25,grSfoEF7Y1U,2018-02-16 05:39:30,,,VAMPYRES Red-Band Trailer & Clip (2016) Vampire Horror Movie
148276,25,c57cFl0ivZQ,2018-02-16 05:38:13,,,Banned: 10 Most Controversial Films of All Time
148280,25,g9UX6EkGyvs,2018-02-16 05:25:17,,,Naked Horror: The Movie (2010) - Angela Tropea Trailer
148282,25,jF8nM-hqIDc,2018-02-13 15:12:50,,,Thangame song by hattori  prabhu ☺☺☺
148283,25,feG4DXRVZOM,2018-02-08 14:39:08,,,Enn seithalo | tamil romantic short film | shiny | boopathy | zenem | sanju | renga | sasi |
148285,25,wP4xqXaJI9I,2017-12-17 05:41:45,,,Anthony in Party - Odakara | Folk music from India
148286,25,w-qxPdo8i_g,2017-12-14 20:09:21,,,CHAPSTICK CHALLENGE!
148287,25,DXzPsZHYUbI,2017-12-14 20:08:02,,,BLOOPERS GONE WRONG GONE SEXUAL
148288,25,6Lp9PxDMMHI,2017-12-14 20:06:20,,,DO YOU EVEN LIFT!? | Bloopers & Deleted Scenes
148289,25,2Oqe9AmQYXY,2017-12-14 20:04:29,,,TOUCH MY BODY CHALLENGE
148292,25,56aL3NgKT5s,2017-12-14 19:59:25,,,NOT ME....
148293,25,DjV61zUMzA4,2017-12-14 19:53:46,,,Shruti Hassan Hot Show in Vedhalam - High Clarity
148295,25,bUnTaQuY1P0,2017-12-14 19:47:36,,,Best Gym Fail Compilation
148299,25,6ZfuNTqbHE8,2017-12-14 19:36:03,,,Marvel Studios' Avengers: Infinity War Official Trailer
148300,25,vn9mMeWcgoM,2017-12-14 19:33:30,,,Jurassic World: Fallen Kingdom - Official Trailer [HD]
148301,25,vyv1k5BHl18,2017-12-11 00:30:25,,,Intense Home Six Pack Ab Workout - ONLY 5 Minutes Long | Brendan Meyers
148302,25,uxpGLMViBx8,2017-12-03 12:58:47,,,Turkopticon for Mturk | Mturk Add on to enhance money earned!
148303,25,W1vJseTLXew,2017-11-26 02:45:28,,,Avengers: Infinity War Tamil trailer ( Production )
148305,25,0Jpas7GXgqU,2017-11-24 10:38:06,,,மெர்சல் படத்தில் நீக்கப்பட்ட மேஜிக் காட்சிகள் | Mersal Deleted Magic Scene | Vijay
148306,25,zv0Ef-G3Qr8,2017-11-24 10:37:33,,,நீதானே நீதானே
148307,25,2tAdjweDQbg,2017-11-22 06:11:31,,,Mturk bank account setup and payment withdrawl-Indian worker
148309,25,_PJ5HZ-70VI,2017-11-22 06:11:23,,,Amazon Mturk New Account Approved in Tamil
148310,25,CcNLZ7opUBg,2017-11-22 06:10:51,,,How to Create Amazon Affiliate Account Easy way in Tamil Latest 2017
148311,25,3XmrZaVVUpc,2017-10-19 08:40:04,,,Mersal - Aalaporaan Thamizhan Tamil Lyric Video | Vijay | A R Rahman | Atlee
148312,25,QOiSXE8P0zM,2017-10-15 06:27:15,,,Jingunamani Full Song - Jilla Tamil Movie | Vijay | Kajal Aggarwal | Imman | Sunidhi | Ranjith
148313,25,YYEIkA78ySI,2017-10-15 06:26:06,,,Mersal theme music full background score|Vijay|AR Rahman|
148314,25,3XmrZaVVUpc,2017-10-14 05:03:16,,,Mersal - Aalaporaan Thamizhan Tamil Lyric Video | Vijay | A R Rahman | Atlee
148315,25,YW57xBVEIP8,2017-10-12 03:21:15,,,"Mersal - Mersal Arasan Tamil Lyric Video | Vijay, Samantha | A R Rahman | Atlee"
148316,25,C5OZRJmfL40,2017-10-12 03:20:13,,,Mersal teaser promo_thalapathi vijay
148317,25,gQDo5QuZTaw,2017-10-12 03:19:57,,,Mersal - Official Tamil Teaser | Vijay | A R Rahman | Atlee
148319,25,acQyrwQyCOk,2017-10-12 03:16:50,,,Insidious: The Last Key - Official Trailer (HD)
148320,25,gQDo5QuZTaw,2017-10-04 16:07:01,,,Mersal - Official Tamil Teaser | Vijay | A R Rahman | Atlee
148321,25,wK7shf-5soU,2017-09-24 10:22:12,,,Hiphop Tamizha - Club le Mabbu le (Official Music Video)
148322,25,F7r5MiwGMTA,2017-09-24 10:22:07,,,Club le Mabbu le
148324,25,gQDo5QuZTaw,2017-09-24 09:26:21,,,Mersal - Official Tamil Teaser | Vijay | A R Rahman | Atlee
148326,25,9sVbL2vXt1s,2017-09-02 09:26:00,,,"Bairavaa Songs | Varlaam Varlaam Vaa Lyrical Video Song | Vijay, Keerthy Suresh | Santhosh Narayanan"
148327,25,3XmrZaVVUpc,2017-09-02 09:24:16,,,Mersal - Aalaporaan Thamizhan Tamil Lyric Video | Vijay | A R Rahman | Atlee
148328,25,s18FrsK3zOo,2017-09-02 09:23:16,,,Vivegam - Thalai Viduthalai Official Song Video - Ajith Kumar | Anirudh | Siva
148329,25,uHbYIo4eaYc,2017-09-02 09:20:26,,,Vivegam Real Climax : Ajith performs dangerous stunts | Stunning Making Videos
148330,25,0zz172zODiY,2017-09-02 09:19:14,,,Vivegam - Surviva Official Song Video | Ajith Kumar | Anirudh | Siva
148331,25,lKlRu3HnM6g,2017-06-24 22:24:10,,,Laman
148333,25,nJ6FMCfAPVU,2017-06-24 22:19:28,,,sex in train
148334,25,NEnIXrTdUJc,2017-06-24 22:19:05,,,HOT BUS - close contact / That Malicious Age
148335,25,lOLekptSlTo,2017-06-24 22:15:20,,,Kalakka Povathu Yaaru 07/05/2017 News | Anchor Jacqueline Video Leaked in Whatsapp| Behind the Truth
148342,25,i41Yt0X1QfA,2017-05-24 18:39:05,,,4 Sites that will Pay you cash daily
148343,25,2WOBc59GETE,2017-05-24 18:38:47,,,How to Use Mechanical Turk If You Live Outside the US
148344,25,Pt9-Ql_FoB4,2017-05-24 18:36:11,,,how can create your amazonmechanical turk account
148345,25,Yw-7Twhv2ek,2017-05-24 18:35:27,,,How to create mturk account in india|work from home tamil
148347,25,tCwepfCP8qc,2017-05-24 18:28:02,,,Increase Your Typing Speed For Online Jobs ! 10x faster Your Typing Speed Only 1 Day |
148348,25,G98YkxOizlQ,2017-05-24 18:26:46,,,"Top 57 Computer keyboard shortcut keys , Top Computer keyboard shortcut keys , keyboard shortcut key"
148349,25,R4CBDI5a_Og,2017-05-24 18:24:37,,,Top 20 Computer Keyboard Shortcut Keys | Computer Shortcut Keys | Best Keyboard Shortcuts
148350,25,5uzeiN9pwWk,2017-05-24 18:21:01,,,Top 57 Computer keyboard shortcut keys -part-4
148351,25,XYKAilxQaV4,2017-05-24 18:12:50,,,Keyboard Shortcuts Everybody Should Know
148352,25,yGx6_HAX29Y,2017-05-24 18:11:17,,,HOW TO TYPE FAST WITHOUT LOOKING
148353,25,jwQWqv_jmBw,2017-05-24 18:08:19,,,How to type A to Z in under 3 seconds
148354,25,eM0DXw2-GZE,2017-05-24 18:03:37,,,Six Secret Keyboarding Techniques
148355,25,xVi0Xtl0DAM,2017-05-24 17:56:46,,,How to speed up my typing speed upto 100 wpm ।  Without any software। So easily
148356,25,axdBQTmHJb8,2017-05-24 17:51:06,,,How to increase your typing to 100 WPM in 24 hours
148357,25,blrDYs5dUMM,2017-05-24 17:49:12,,,10min Of This Burns Belly Fat Fast : 100% Bodyweight Workout
148358,25,aB2aSySDnEk,2017-05-24 17:45:29,,,Build An Amazing Upper Body With This Push-Up Workout - Just 4 Exercises
148360,25,OtskKyMoVks,2017-05-14 18:09:28,,,10 WWE Wrestlers You Wouldn't Recognize 5 Years Ago
148361,25,kbEDe4_CF_Y,2017-05-14 18:07:18,,,4 Exercises that hit all 3 Triceps Heads
148362,25,UhyldEb0bks,2017-05-14 18:06:24,,,9 Best Dumbbell Moves For BIGGER Arms (AT HOME ARM WORKOUTS)
148363,25,y1r9toPQNkM,2017-05-14 18:05:36,,,8 Best Dumbbell Exercises Ever (HIT EVERY MUSCLE!)
148364,25,IJFAdOlUVT0,2017-05-14 18:04:37,,,Insane Dumbbell Chest Workout
148365,25,3sE5ujS4voQ,2017-05-14 18:00:54,,,How To Get Bigger Arms: 5 Exercises For Huge Monster Arms
148366,25,J7buRPxIY1c,2017-05-14 18:00:53,,,Full Biceps & Triceps Workout For Bigger Arms
148368,25,-2FesPR4WEQ,2017-05-14 17:57:27,,,Abs Workout (SORE IN 6 MINUTES!)
148369,25,9_TsNeX2IXo,2017-05-10 20:04:15,,,Best Ab Workout Tip Ever (WORKS INSTANTLY!)
148370,25,7oKWugCTFMY,2017-05-10 20:03:15,,,Home Ab Workout (ONE DUMBBELL NEEDED!)
148371,25,Qskz8c1C0Ds,2017-05-10 20:02:49,,,How to Get Big Arms With Only Dumbbells!
148372,25,l0gDqsSUtWo,2017-05-10 20:02:13,,,Ultimate Full-Body Dumbbell Workout | Andy Speer
148373,25,7C4xe8oBNpA,2017-05-10 19:52:30,,,The Knockouts Evening Gown Match: Madison Rayne vs. Angelina Love
148374,25,aYr_oJj5s5E,2017-05-10 19:50:41,,,HHH Checks on Pregnant Steph
148375,25,Y5l8eADpnB8,2017-05-03 18:22:30,,,How to Connect Two Computers Via LAN Cable in Windows 7
148377,25,azKqiNpR2pk,2017-04-22 07:53:44,,,How To Increase Your Typing Speed
148378,25,CONpHRIKEnE,2017-04-08 15:52:48,,,"ANNA KENDRICK FIRST SEX SCENE - Jeremy Jordan Shiksa Goddess from ""The Last Five Years"""
148379,25,X0JXXLdDnp4,2017-04-07 10:06:39,,,Hiphop Tamizha - Vaadi Pulla Vaadi (Official Music Video)
148381,25,iL3FyfGJdhY,2017-01-07 15:12:25,,,Khaidi No 150 Chiranjeevi Coin Fight Motion Teaser | Kajal Aggarwal | Ram Charan | #KhaidiNo150
148382,25,dzPLMHkF1FA,2017-01-07 15:11:53,,,Chiranjeevi Khaidi No 150 Interval Coin Fight Completed - Filmyfocus.com
148383,25,bhTN4PDm6fc,2017-01-01 08:01:41,,,"Bairavaa Official Trailer | 'Ilayathalapathy' Vijay, Keerthy Suresh | Santhosh Narayanan | Bharathan"
148384,25,MGx7XowdZIQ,2016-12-31 20:06:46,,,10 SHOCKING WWE Moments Kids Should NEVER WATCH
148387,25,9sVbL2vXt1s,2016-12-31 19:53:48,,,"Bairavaa Songs | Varlaam Varlaam Vaa Lyrical Video Song | Vijay, Keerthy Suresh | Santhosh Narayanan"
148388,25,4iakWaKk6Jw,2016-04-09 15:18:35,,,"Top 10 Raw Moments: WWE Top 10, October 19, 2015"
148389,25,6PqTnMYK4kw,2016-04-09 15:16:59,,,"Hey Aasmaan Song with Lyrics | Theri | Vijay, Samantha, Amy Jackson | Atlee | G.V.Prakash Kumar"
148390,25,yUwi5inyNHc,2016-04-05 08:20:54,,,"Top 10 Raw moments: WWE Top 10, March 28, 2016"
148391,25,zoOD_iHn7oo,2016-04-05 08:20:30,,,"Top 10 SmackDown moments: WWE Top 10, March 24, 2016"
148392,25,JGSXqIbTG3s,2016-04-05 08:13:58,,,Roman Reigns vs. Triple H - WWE World Heavyweight Title Match: WrestleMania 32 on WWE Network
148393,25,iQbBBOL2BBE,2016-03-04 00:57:55,,,"Theri - Official Teaser | Vijay, Samantha, Amy Jackson | G.V. Prakash Kumar | Atlee"
148394,25,_Xxkhdj4qUA,2016-02-08 09:33:57,,,"Appappa - Komban | Official Video Song | Karthi, Lakshmi Menon | G.V. Prakash Kumar"
148395,25,bjc6kHjBHq0,2016-02-05 06:10:10,,,ABS and CORE Workout - Effective Exercises & Routine
148396,25,iQbBBOL2BBE,2016-02-05 04:32:21,,,"Theri - Official Teaser | Vijay, Samantha, Amy Jackson | G.V. Prakash Kumar | Atlee"
148397,25,hln3ps6S8ak,2014-04-12 07:11:19,,,FREE-MOBILE-RECHARGE-IN-INDIA-100% true - How To Hack Mobie Balance
148398,25,o0dTz6XbJQo,2014-04-12 06:38:03,,,How to install .jar(java) files on samsung corby
